かぼちゃの炊き込みご飯のレシピ/作り方：白ごはん.com	まず、かぼちゃの下ごしらえの前に、米3合を研いで炊飯器の内釜にセットし、2合強くらいの水を加え、30分〜1時間ほど置いて浸水させます（←後から調味料を加えるので、その分を考えてはじめに加える水を少なめにします）。かぼちゃは、種をスプーンで軽く取り除いてから1/4個のかぼちゃをさらに半分に切ります。かぼちゃの切り口をまな板に付け、ぐらつかないよう手でしっかりと押さえて切りましょう。続けて、かぼちゃの皮にイボや色の変わった硬い皮の部分があれば、ピーラーや包丁で薄く削り落とします。※硬いものを切る時は、包丁の刃先よりも持ち手に近い刃元の方が力が伝わりやすいので、真ん中から刃元に近い部分で切るとよいです。
丸ごとピーマン＆ツナの炊き込みごはんのレシピ/作り方：白ごはん.com	この炊き込みご飯は特にだし汁を使わず、ツナ缶とたっぷりのピーマン（2合に対して5～6個）を使います。まず、米2合を研いで炊飯器の内釜にセットし、1.5合弱くらいの水を加え、30分〜1時間ほど置いて浸水させます（←後から調味料を加えるので、その分を考えてはじめに加える水を少なめにします）。ピーマンは炊飯器に丸ごと入れるので、特に下処理は必要ありません。ツナ缶だけ、油を全量入れると少し油っぽくなるため、蓋で軽くツナを押さえた状態で傾け、出てくる油は除くくらいにするとよいです。
さつまいもごはん（芋ご飯）のレシピ/作り方：白ごはん.com	はじめに2合の米は、炊飯器の内釜などに入れて研ぎます。研いだら水を何度か入れ替えて水気を切り、2合の目盛りに合わせて水を入れ、30分から1時間そのまま置いて浸水させます。※浸水させる時間がなく、浸水なしでそのまま炊くなら『炊き込みごはんコース』で。ここではどんな炊飯器でも美味しくふっくら炊けるよう事前に浸水する工程をとっています（浸水したら『普通コース』で炊きます）。さつまいもは洗って両端を切り落とし、皮ごと1〜1.5㎝角の角切りにして皮ごとの状態でごはんに炊き込みます。切ったものは水にさらしておきます。
手軽かつ絶品！ツナごぼうコーンの炊き込みごはんのレシピ/作り方：白ごはん.com	この炊き込みご飯は特にだし汁を使わず、缶詰2つ（ツナとコーン）に、ごぼうのみを使います。まず、米2合を研いで炊飯器の内釜にセットし、1.5合分くらいの水を加え、30分〜1時間ほど置いて浸水させます（←後から調味料を加えるので、その分を考えてはじめに加える水を少なめにします）。ごぼうは洗ってから、縦半分に切り、4～5㎜幅の半月切りにして、1～2分くらいで十分なので水にさらしておきます。ツナ缶は油を全量入れると少し油っぽくなるので、蓋で軽くツナを押さえた状態で傾け、出てくる油は除くくらいにするとよいです。
ねぎご飯（ねぎの炊き込みご飯）のレシピ/作り方：白ごはん.com	この冬野菜たっぷりの炊き込みご飯には『煮干しだし』がぴったりです。煮干しだしは火を入れてだし取りしてもよいのですが、『水に対して１％の重さの煮干しと昆布を入れて、冷蔵庫で一晩置くだけ』、
この方法が一番簡単で、しかも煮干しのクセが出すぎない上品なだしになります→詳しい煮干しだしの取り方はこちらから
むかごご飯（炊き込みご飯）のレシピ/作り方：白ごはん.com	むかごは包丁を使わずに、そのまま炊き込みごはんの具にできるのでなかなか便利な食材です。米2合にはカップ1杯分（1合カップなら山盛り1杯）あれば十分。それでだいたい120ｇ前後くらいになります。むかごはごぼうと同じように、皮の近くに強い香りがあります。ごはんと合わせると皮の近くの香りが強すぎて、少し土っぽい香りが出ることがあるので、すり鉢のなかでぐるぐると転がして、皮の表面を軽く落とすとよいと思います。やり方は簡単で、さっと洗ったむかごをすり鉢に移し、手のひらを軽く押し付けるようにして、ごろごろと転がすだけ（すり鉢の大きさが小さいときは何回かに分けてやるとよいです）。手に細かい皮がついてくればOK。水で洗うと水が茶色くなるので、それを洗い流して下ごしらえ完了です。※すり鉢がない、時間がないなどであれば、この工程は省いてもOKです。ただ、土っぽい香りが出ることがあるので、その時は食べるときに少量のコショウや薬味ねぎなどをふってみてください。
銀杏ご飯（炊き込みご飯）のレシピ/作り方：白ごはん.com	銀杏の殻の割り方、薄皮のむき方は「銀杏の下処理」のページにまとめていますので、ここでは簡単に説明したいと思います。まず、タオルの上に銀杏を手で持ち、とがった部分を上にしてトンカチで軽くたたいて割れ目を入れます。ここから手で殻をむき取り、薄皮だけの状態にした銀杏は水に30分から1時間ほど浸けておきます。水に浸けておいたら薄皮が柔らかくなるので、亀裂がはいった薄皮の部分から、指の腹の部分をこすり当てるようにして皮をむいていきます。
炊飯器で手軽に作る赤飯のレシピ/作り方：白ごはん.com	地域差もあるかもしれませんが、小豆よりも皮が破れにくい“ささげ”を使った赤飯の作り方をここでは紹介しています。はじめにささげはさっと洗って水気を切ります。鍋に入れて水400mlを加え、中火にかけます。沸いたら火をいちばん弱くして、20分間ささげをゆでます（ゆでこぼしも、差し水も特に必要ありません）。20分後に一つ食べてみて、固めでも中まで火が通っているかを確認します（火通りが甘ければ追加で数分ずつ状態を見ながらゆでてください）。火が通っていれば鍋を火から外してそのまま冷まします（人肌くらいの温度まで冷める間にも、少し火が通って豆がふっくらしてきます）。
秋の豆ごはん！落花生の炊き込みごはんのレシピ/作り方：白ごはん.com	生の殻付き落花生を用意します。殻をむくと淡いピンク色の豆が出てくるので、その豆をご飯に炊き込むレシピです。落花生は炒って食べることが多いですが、炊き込むことでほっこりと火が通り、豆本来の風味や甘みも楽しむことができます！落花生は泥がついていればため水の中でしっかり洗い落とします。殻に割れ目を入れやすいのは少しとがった先の方なので、その位置を確認します。そのとがった側を指で挟んで（縦の割れ目が入る部分を持って）両側からギュッと力を入れます。そうすると、割れ目が出てきます。そしたら中央から下の部分も同じように力を入れて、割れ目を大きくして殻を外し、豆を取り出します。
梅ごはん（梅干しの炊き込みご飯）のレシピ/作り方：白ごはん.com	梅の炊き込みご飯は『梅干しだけを具に、だし汁にみりんと塩で味付けしたもので炊き込む』のがおすすめです。水ではなくだし汁を使うことで、食欲をそそるクセになるような味わいになってくれると思います（隠し味程度に醤油も加えます）。はじめに、米は研いで浸水させておきます。浸水時間は３０分〜１時間ほど。浸水させることで、米に火が通りやすくなり、ふっくら美味しい炊き込みご飯となります！※浸水なしで研いだ米をざる上げして、そこにＡを加えて炊くこともできます。炊飯器の性能やコースなどによって変わってくるので、間違いなくふっくら炊けるようこのレシピでは事前に浸水する工程をとっています。
にんじんの炊き込みごはんのレシピ/作り方：白ごはん.com	にんじんの炊き込みご飯は特にだし汁を使わず、にんじんと鶏ひき肉、生姜を合わせて作ります。鶏ひき肉はコクがよく出る‟ももひき肉”がよく、分量は75〜100ｇと多少前後してもOKです。まず、米を研いで炊飯器の内釜にセットし、1.5合分くらいの水を加え、30分〜1時間ほど置いて浸水させます（←後から調味料を加えるので、その分を考えてはじめに加える水を少なめにします）。にんじんは切りやすい長さのせん切りにして、後から少し短めに切ります（1.5〜2㎝長さが食べやすいので）。また、生姜はみじん切りにします。
アスパラごはん（炊き込みご飯）のレシピ/作り方：白ごはん.com	アスパラごはんの流れは『塩と黒コショウ粒を入れたご飯を炊く』→『アスパラは小さく切って油で炒め、炊きあがったものに混ぜる』というもの。アスパラは白ごはんと食べると少し青くささが目立つのですが、黒コショウ粒を入れて炊いた白ごはんだとそれが気になりません。コショウの風味がほのかに移って、青くささを消しつつもコショウの辛みはなく、食べやすさだけが倍増します。また、アスパラは食感や色合いも楽しみたいので、炊き込むのではなく炒めてから最後に混ぜ込むとよいです。
コーン缶シンプル炊き込みご飯のレシピ/作り方：白ごはん.com	まず、コーン缶について。コーン缶には原料に砂糖が入っているものと、そうでないものがあります。このレシピは缶汁をすべて一緒に炊き込むので、砂糖不使用のホールコーン缶を用意してください。はじめにコーン缶の粒と缶汁を分けます。コーン缶の缶汁にはとうもろこしの甘みや風味が溶け出ているので、水と一緒に加えるため、加えるタイミングの違う粒のコーンと別にしておきます。
とうもろこしご飯（炊き込みご飯）のレシピ/作り方：白ごはん.com	はじめに2合の米は、炊飯器の内釜などに入れて研ぎます。研いだら水を何度か入れ替えて水気を切り、2合の目盛りに合わせて水を入れ、30分から1時間そのまま置いて浸水させます。※浸水させる時間がなく、浸水なしでそのまま炊くなら『炊き込みごはんコース』で。ここではどんな炊飯器でも美味しくふっくら炊けるよう事前に浸水する工程をとっています（浸水したら『普通コース』で炊きます）。米2合に対するとうもろこしの量は、1/2本くらいまで減ってもOKですが、1本あれば具だくさんでより美味しいと思います。※より手軽な「コーン缶の炊き込みごはん」も参考に！。まず、とうもろこしは皮をむいて根元を切り落とし、実をむきやすくするために半分に切ります。※根元を切り落としたり、半分に切るときは、ぐらぐらしないよう固定して、包丁の根元で切るようにするとよいです。続いて、まな板の上にとうもろこしを縦に置きます。手で安定させて、芯のまわりの実を包丁で切り落とします（とうもろこしを回転させながら）。【補足として】ちょっと上級者のやり方になるのですが、上の方法よりも一つ一つの粒がきれいに残るむき取り方もあります。半分か3等分くらいに切ったとうもろこしを左手に持って、かつらむきの要領で、ぐるりと実をむき取ります。※手をケガしないように注意してください！特に実がなくなった時、ふっと包丁が軽くなるので。
黒千石大豆の炊き込みごはんのレシピ/作り方：白ごはん.com	黒千石大豆のよいところは『小粒なので戻す時間も短く、ゆでこぼしなども必要ない』というところです。2合に対して大さじ3ほど使うので、ボウルに入れてさっと洗い、かぶるくらいの水を加えます。※加える水の量ですが、戻し汁も後から全量使うので、たっぷりすぎるのもNGです。戻す時間は『ふっくらした食感が好みなら一晩（6〜7時間ほど）』、『ほんの少しプチっとした食感が残るくらいでもよければ1〜2時間』が目安です。黒千石大豆は皮にひびが入ってすぐに戻る豆と、ひびがなくて少し戻るのに時間がかかる豆が混在しているので、一晩なら全部がふっくら戻り、1〜2時間なら戻りやすい豆だけがふっくら戻った状態となります。※黒千石大豆をまったく戻さず、直に入れて炊飯したこともあります。その結果は好みが分かれる仕上がりだとは思いますが、参考のために下の補足に記載しています。炊く米ですが、普通のうるち米だけでもいいのですが、もし家にもち米があれば、1/4量をもち米にして炊いてみてください。『米1.5合にもち米0.5合で、もっちりとした食感が出てより美味しくなる』と思います。もち米を入れる場合は、『うるち米と合わせて普通に研ぎ、1時間ほど浸水させてから炊く』と炊飯器でもふっくら炊きあがってくれます。
白菜のミルク煮：白ごはん.com	用意する材料は、白菜、牛乳、鮭フレーク、にんにくです。※鮭フレークは、市販品でも手作りのものでも！手作りする場合は、「自家製鮭フレーク」を参考に！好みでベーコンなどに置き換えても。白菜は芯を切り落とし、茎が太い側は4～5㎝幅に、葉っぱ側は6～7㎝幅ほどに切ります。茎と葉はある程度分けておき、さっと洗って水気を切っておきます。
春雨サラダのレシピ/作り方：白ごはん.com	春雨サラダの具材は、春雨、きゅうり、ハム、にんじん、わかめ。定番のものを合わせて作ります。まず、春雨は袋の表示に従って熱湯に浸すなどして戻し、さっと水にさらしてからざる上げします。ざるで水気を切ったあとに、さらに手を押し当てるようにして水気をしっかりとしぼり出すとサラダの仕上がりが水っぽくなりません（長ければ食べやすい幅に切っておきます）。
簡単！白菜の浅漬けのレシピ/作り方：白ごはん.com	※手順は『浅漬けのきほん』がベース。
3種の漬け方から、“バットを使った漬け方”で紹介しています（ボウルや浅漬け器でも可）。まず、塩の量は野菜の重さに対して2％の塩を用意してください。今回なら白菜300ｇに、塩は2％の6ｇ（塩小さじ1ほど）となります。※慣れないうちは、きちんと野菜と塩の重さを量って作るのがおすすめです。また、塩は細かさによって同じ小さじ1でも重さが異なります！さらさらした精製塩などは小さじ1が6ｇ、粒の大きな塩なら小さじ1が4〜5ｇほどに。
きんぴらごぼうのレシピ/作り方：白ごはん.com	まず、ごぼうの下ごしらえです。ごぼうの香りは皮に多く含まれているので、土を洗い落した後、「包丁の背で軽く皮をこそげる」または「タワシでやさしくこする」くらいにして皮を軽く落とします。※ごぼうの下ごしらえについては「ごぼうの切り方のまとめ」により詳しくまとめていますので、そちらも参考に。続いてごぼうの切り方です。ごぼうはささがきやせん切りなど、いろいろな切り方できんぴらに仕上げることができますが、おすすめは『斜め薄切りにした後に、棒状に切る』というやり方です。切る手順は、まずごぼうを2～4㎜ほどの好みの太さの斜め切りにします。それを3～4枚くらい重ねて縦に棒状に切ることを繰り返します。下の写真は１枚目が3～4㎜角、２枚目が2～3㎜角に切ったものですが、ささがきや繊維にそったせん切りよりも切りやすいので、太さもの調整しやすいと思います。この切り方の特徴としては、シャキシャキ感がありつつも、繊維を一度断つように薄切りにしているので、食感が少しやわらかく、歯切れもよい仕上がりとなってくれます。※食感にやわらかさもあるので、太くても食べやすいですが、おすすめは2～3㎜角くらいの細めの棒状です。切ったごぼうは水に一度さらします（※白く仕上げる料理ではないので、特に酢水を使う必要はありません）。
揚げないで作る！エビマヨ野菜炒めのレシピ/作り方：白ごはん.com	用意する具材は、殻付きエビ、れんこん、ブロッコリー、香りづけに生姜とにんにくを使います。まず、れんこんは皮をむいて半分に切り、さらに5㎜幅に切って水にさらしておきます。※合わせる野菜はれんこんのみ、ブロッコリーのみでもOKです（その場合は各材料を倍量にしてください）。その他の具材候補については下記補足にて！ブロッコリーは小房に切り分けて、切り口に包丁で切り込みを入れて手で半分に割きます（大きければ4等分に）。生姜とにんにくはみじん切りにします。エビはさっと洗って殻をむくのですが、尾っぽにいちばん近い部分の殻もむくと食べやすいです。最後の殻は尾っぽをしっかり手で持ってむきましょう。殻をむいたエビは背側全体に浅く切り込みを入れ、背ワタがあれば包丁でかき出します。容器にエビを移し、塩、こしょう各少々（分量外）で下味をつけ、小麦粉小さじ1～2をふりかけて軽く手でも見込んで粉を絡ませておきます。※エビの背中に切り込みを入れるのは、背ワタを取る目的もありますが、切り込みを入れることで火が通ったらその部分が開き、味が絡みやすくなるというメリットも。
干し椎茸とにんじんの煮物のレシピ/作り方：白ごはん.com	この煮物は干し椎茸とにんじんを合わせた和の献立にぴったりの副菜です。干し椎茸だけは戻すのに時間がかかるので事前に下ごしらえが必要で、さっと洗った後に水気を切り、水200mlを入れて4～6時間かけて戻します。※私はいつも前日から冷蔵庫に入れて戻します。椎茸は芯までしっかり戻った状態が望ましいので、時間的に余裕をもって作業するとよいと思います（戻す時間を長くとるときは冷蔵保管で！）干し椎茸の煮物にも椎茸の下ごしらえの詳細をのせています。にんじんはヘタを切り落とし、皮をむいてから長さを３等分に切ります。それを縦に4～8等分に切って、食べやすい太さに切ります。椎茸は軸を包丁やキッチンばさみで切り落とし、小さければそのまま、大きければ2～4等分に切ります。椎茸の戻し汁は全量使うので捨てずに取っておきます。細かいざるや茶こしで一度こし、ごみを除いてから、水を足し入れて合計200mlにしておきます。
五目豆のレシピ/作り方：白ごはん.com	大豆はさっと洗ってから水にひたし、一晩（8～12時間ほど）戻します（※室温が高くなる時期は必ず冷蔵庫で）。まんまるだった小粒の大豆が、ふっくらとした楕円形の豆の形になってから炊き始めます。※冷蔵庫の温度が低いと一晩つけ置いても、ふっくら戻っていないことがあります。その場合は室温に戻して、ふっくら戻るまで待ってから炊くようにしてください。
こんにゃくの甘辛煮/煮物のレシピ/作り方：白ごはん.com	こんにゃくは表面がつるっとして味がのりにくい食材なので、煮物に使うときはスプーンでひと口大にちぎるとよいです。下の写真のように、こんにゃくの角からひと口大になるようにスプーンでちぎります。包丁で切るよりも表面にザラツキができるので味がのりやすくなります。鍋にお湯を沸かして、こんにゃくを入れて3分ほど下ゆでをして臭みを抜きます。ざるに上げた後は水につけず、水気を切るだけにしておきます。※こんにゃくの下処理では塩もみすることもありますが、このレシピでは後からしっかり醤油味にするのでゆでるだけの下ごしらえにしています。一般的な下ごしらえの方法は「こんにゃくの下ごしらえ」も参考に。
いちばん簡単な酢の物のレシピ/作り方：白ごはん.com	用意するものはきゅうり、乾燥わかめ、じゃこの3つです。はじめに、きゅうりは両端を切り落としてから、端から薄い輪切りにします（スライサーを使って薄切りにしてもOKです）。切ったきゅうりはボウルに移し、下ごしらえ用の塩（小さじ1/5）を全体にまぶして5分置きます。待つ間に、乾燥わかめを容器に入れて、水かお湯かを加えて戻しておきます。
基本のもずく酢＆三杯酢のレシピ/作り方：白ごはん.com	白ごはん.comのこのページでは、シンプルにもずくと生姜で作る、もずく酢の基本となるレシピを紹介しています。生姜は二つの使い方をするのがおすすめです。一つはしぼり汁としてお酢に加え、もう一つは薬味としてせん切りにして最後にのせます。はじめに生姜の皮を一部分だけむき取って、2〜3枚の薄切りを取り分けておき、残りはすべて皮ごとおろします。薄切りにしておいたものは端からせん切りにします。
ちくわの磯辺炒めのレシピ/作り方：白ごはん.com	ちくわは大きめのひと口大ほどを目安に、斜め切りにします。フライパンにごま油小さじ1を入れて中火で熱し、熱くなればちくわを転がしながら炒めます。ちくわ全体に軽く焼き色がつけば、Aの調味料（醤油と砂糖各小さじ2）を加えます。調味料を入れたら、箸で混ぜるかフライパンを振るかして、調味料を軽く煮詰めていきます。調味料が少し煮詰まって、ちくわ全体に絡むくらいまで火にかけ、火を止めます。仕上げにごまと青のりを振りかけて出来上がりです。※冷蔵庫で3日ほど日持ちします（目安として）。
基本の筑前煮のレシピ/作り方：白ごはん.com	筑前煮はたくさんの根菜類に、うまみの鶏肉と椎茸、食感のこんにゃく、これらが味を作ります。手間はかかりますが、筑前煮で大切なのが、これら具材の下ごしらえ。一つずつ工程を紹介していきます。まずはじめに時間のかかるものから。干し椎茸はひたひたの水に浸けて戻しておきます。また、里芋は皮をむいて大きければ2〜3等分に切ります。里芋だけは火が通りづらいので事前に下ゆでしておきます（水から火にかけ、沸いたら3〜4分ゆでてざる上げします）。こんにゃくはスプーンでちぎり、塩もみしてから2〜3分ゆでてざる上げします（スプーンでのちぎり方など詳しくは「こんにゃくの下ごしらえ」を参考に。れんこんとごぼうは食べやすい大きさの乱切りにして、それぞれ水にさらします。にんじんは小さめの乱切りにして、椎茸は軸を除いて2〜3等分に切ります。椎茸の戻し汁はごみがあれば茶こしなどで除き、150mlはかっておきます。鶏肉は余分な脂や皮を切り落とし、2〜3㎝四方に切っておきます。これで具材の下ごしらえが完了です。※椎茸の戻し汁は150mlに足りなければ水を足し入れて150mlにしてください。もし150ml以上あれば、残った戻し汁は他の料理などに使うとよいです。
鶏レバーの甘辛煮（しぐれ煮）のレシピ/作り方：白ごはん.com	鶏レバーは水にさらす＆さっと湯がいて霜降りするという２つの下ごしらえをすることが大切です。まず、鶏レバーは大きめのひと口大に切り分けます。続いて水に10～15分ほどさらします（暑い時期、水がぬるければ氷も少し入れて）。※購入時、ハツ（心臓）がレバーに付いていたら一緒に炊きましょう。ハツは下ごしらえして（下の工程３参照）半分に切ったものを水で洗っておき、レバーと一緒に霜降りしてください。水にさらし終えたらざるに上げ、鍋にお湯を沸かします。レバーを入れて20～30秒ほどゆでて（霜降りして）からざる上げします。また、生姜は皮をむいてせん切りにしておきます（詳しいやり方はこちらから）鍋に水気を切ったレバーと生姜を入れ、Aの水大さじ6と調味料（砂糖大さじ1と1/2、酒大さじ3、醤油大さじ2、みりん大さじ1と1/2）を加えます。
れんこんのきんぴらのレシピ/作り方：白ごはん.com	れんこんは皮を薄くむいてからきんぴら用に切ります。そのとき、穴が見えるように繊維を断って切る輪切りや半月切りが一般的ですが、繊維にそって縦に切るやり方もおすすめです。繊維を断てばれんこんらしい見た目で食べやすく、繊維にそって切れば食べ応えがぐっと出てくれます。
切り干し大根の煮物のレシピ/作り方：白ごはん.com	切り干し大根はさっと洗ってから、たっぷりの水に20〜30分ほどつけて戻します（もとの重量の４〜５倍にふくれます）。戻している間に、にんじんは4〜5㎝長さの少し太めのせん切り、油あげは細めの短冊に切ります。切り干し大根がしっかり戻ったら手でぎゅっと水気をしぼります。はじめに鍋で切り干し大根を炒めるので、ここでしっかり水をしぼっておくことが大切です。それから、切り干し大根の戻し汁は大根の甘みが出ているので、加える水分量200mlの半分くらいまでなら戻し汁を入れても美味しく仕上がります。※つまり、だし汁を全量にして「だし汁200ml」でもいいですし、「だし汁100ml+戻し汁100ml」にしてもOK。ただ、戻し汁200mlにすると少しうま味が足りずにぼんやりした味になるので、半量くらいまでにするとよいと思います。
レンジで手軽に！大豆もやしのナムルのレシピ/作り方：白ごはん.com	このレシピは大豆もやしを電子レンジで加熱して作る手順にしています。はじめに、大きめの保存容器かボウルに大豆もやしを移します（特にラップは必要ありません）※大豆もやしによっては、袋ごと電子レンジでの加熱が可能なものもありますので、その場合は袋の表示通りに加熱してみてください。大豆もやしを600Wで4分加熱して、火を通します。※大豆もやしをゆでて加熱する場合は、もやしの辛子しょうゆ和えを参考に、ゆで時間3分で塩ゆでしてください。
山形の『だし』のレシピ/作り方：白ごはん.com	このレシピでは、きゅうり、なす、みょうが、大葉、生姜の5種の野菜を合わせます。昆布については、粘りの強い『がごめ昆布』がおすすめです。細切りのもの、2〜3㎝四方のもの、粉末状など様々なので、求めやすいものを用意してください（“細切り昆布”“納豆昆布”という商品名で並んでいることも）。※生姜や大葉、みょうがの薬味類は1種くらい減っても特に問題ありません（ゆでたオクラなどの粘りの出る野菜をプラスしても）。また、がごめ昆布以外でも、粘りの出方は変わってきますが、普通の昆布やあかもくなどを合わせても美味しいです。
切り昆布の煮物のレシピ/作り方：白ごはん.com	乾物の切り昆布はとても便利な食材です。他の乾物と比べても『戻す時間・煮る時間がともに短い』ので普段の食卓にぜひ使ってほしいと思います。白ごはん.comの切り昆布の煮物のレシピでは、にんじんとさつま揚げを合わせて作ります。まず、切り昆布はたっぷりの水で戻します。戻す時間は５〜１０分ほどでOK。戻ったらざる上げして水気を切ります。にんじんとさつま揚げは、切り昆布とからみやすいようにせん切りにします。にんじんは４〜５㎝のせん切りにし、さつま揚げは厚みを半分にしてから端から細く切っておきます。
おからの煮物のレシピ/作り方：白ごはん.com	おからの煮物の具材は「にんじん、ごぼう、油あげ、細ねぎ」くらいが作りやすいと思います（冷凍もしやすいです）。にんじんは３〜４㎝長さのせん切り、ごぼうは細めのささがきにして水にさらします。油あげは細めの短冊に切り、細ねぎは小口切りにします。※ささがきの詳しいやり方はささがきごぼうのページも参考に。それから、おからの煮物の味付けのポイントは“油を多めに加えること”です。おから150gに対して、油大さじ3がおすすめですが、最低でも大さじ1と1/2は入れてみてください。それで食感はしっとり、コクのある味わいに仕上がります！
鰯（いわし）の南蛮漬けのレシピ/作り方：白ごはん.com	いわしを焼く前に、南蛮酢を作って冷ましておきます。作りたての熱々の南蛮酢だと余分な熱がいわしに入ってしまいます。
上記レシピの分量を鍋に合わせ、一度沸騰させて作り、保存する容器などに移します。⇒　昆布だしの合わせ方、南蛮酢がどのくらい日持ちするのかなど、詳しい南蛮酢の作り方。※唐辛子がなくても十分美味しいので、今回は唐辛子なしで作りました。ピリッとするのが好きな方はここで唐辛子1本を入れても。
ごはんがすすむ！炒り豆腐のレシピ/作り方：白ごはん.com	炒り豆腐の材料は、『木綿豆腐、鶏肉、にんじん、干し椎茸、卵』です。薬味として、刻みねぎもあると色どりと風味が良くなります。いちばんはじめの準備は、数時間前から干し椎茸を水に浸して戻しておくこと。しっかり芯まで戻しましょう。戻った干し椎茸は水気をしぼって軸を落とし、薄切りに（戻し汁は味付けで使います）、にんじんは3～4㎝長さの棒状に切ります。※鶏肉はもも肉がおすすめ。カットされたものを用意するか、自分で皮ごと1cm角ほどに切っておきます。また、木綿豆腐は炒める前に下ごしらえが必要です。鍋に熱湯を沸かして塩小さじ1（分量外）を入れ、豆腐を手で割り入れて、芯まで熱くなる程度（2分ほど）ゆでます。ゆでた豆腐はすくい取って、キッチンペーパーや布巾を広げたざるに広げます。こうすることで、木綿豆腐の余分な水分が抜け、食感がよくなります。また、塩味もついて仕上がりの味にメリハリがつきます。※下ごしらえとして、ざるに広げておくだけでも十分ですが、上のように粗熱が取れてから、豆腐を包むように軽く水分を吸い出すと完璧です。
家で簡単に手作り！蒸し大豆のレシピ/作り方：白ごはん.com	乾燥の豆は大豆でも黒豆でもいいのですが、今回は普通サイズの乾燥大豆を使って蒸し大豆の作り方を紹介します。まず、大豆はボウルに移してさっと洗い、たっぷりの水を入れます。水にひたしたら一晩（8～12時間ほど）戻します（※室温が高くなる時期は必ず冷蔵庫で）。まんまるだった小粒の大豆が、ふっくらとした楕円形の豆の形に戻るまで水戻しします。※冷蔵庫の温度が低いと一晩つけ置いても、ふっくら戻らないことがあります。その場合は室温に移して、ふっくら戻るまで待ってから蒸します。
簡単マカロニサラダのレシピ/作り方：白ごはん.com	わが家のマカロニサラダの定番具材は「ピーマン」です。ピーマンの食感をほどよく残して仕上げるのがポイントで、今回はツナと合わせて食べ応えを出しています。まず、ピーマンは縦半分に切ってヘタと種を除き、長さを半分に切ります。それから縦に2〜4㎜幅に切ります。それから、ツナ缶に含まれる油はそのまま入れると油っぽくなるので、1〜2割を残すように余分な油を除いておきます。※ピーマンの下ごしらえについては「ピーマンの塩昆布和え」にて詳しく紹介していますので、参考にしてみてください。
かぼちゃのきんぴらのレシピ/作り方：白ごはん.com	かぼちゃは野菜自体の甘みが強いので、きんぴらにする時は唐辛子やにんにくをピリリときかせると、味が引き締まって、食べ飽きないおいしさになると思います。かぼちゃは種とワタを除いて、5〜6㎜幅に切り、切ったものを斜めに棒状に切っていきます。にんにくはつぶしておきます。
※かぼちゃは切り進めると長さが短くなってくるので、そうなれば時計回りに少し回転させて、できるだけ長い棒状のものを多く作ると食べやすいです。※にんにくは油に風味だけを移して仕上げたいので、軽くつぶして炒め、仕上げるときに取り除いて仕上げます。
基本のポテトサラダのコツとレシピ/作り方：白ごはん.com	はじめに基本となるこのポテサラレシピのコツをまとめます。①　芋はホクホク系の“男爵いも”がおすすめ！
②　芋は丸ごと加熱せずとも、ある程度つぶしやすい大きさで『塩ゆで』でOK！
③　きゅうりと玉ねぎは『氷水＋塩』でシャキッと！
赤しそジュースのレシピ/作り方：白ごはん.com	赤しそジュースは、しその香りや味わいに加え、さっぱりとした飲み口にするために“酸味”をプラスして作ります。おすすめはクエン酸かリンゴ酢です。クエン酸は薬局やスーパーなどでひと瓶数百円で売られていて、特徴としては、香りがないので、赤しその風味を強く感じるジュースに仕上がるということ。酸味もすっきめです。また、クエン酸ではなくお酢を加えて作るときは、リンゴ酢を使って作ることで、リンゴ由来の香りがほのかに混ざって、しそが苦手な人でも飲みやすいジュースになると思います。※りんご酢の代わりに、クセの少ない穀物酢を合わせても良いですし、他にも柿のみで作られた柿酢などを合わせても。好みや家にあるもので作ってみてください。
かぼちゃの煮物のレシピ/作り方：白ごはん.com	かぼちゃは種とワタを除いて、3～4㎝角に切ります（かぼちゃの下ごしらえのページも参考にしてみてください）。※かぼちゃの下ごしらえにもまとめていますが、かぼちゃは切り口をまな板に付けて、手でしっかり固定し、安定させてから切りましょう！切ったかぼちゃは重ならない大きさの鍋に移します。この時、かぼちゃの皮を上にして広げ入れるとよいです。鍋底は煮汁の沸騰が直に当たることになるので、煮崩れしやすいかぼちゃの皮を下にするより、煮崩れてもOKな皮と反対側を鍋底にするのがポイントです。
サラダうどんの作り方/レシピ：白ごはん.com	まず、野菜を切る前にサラダうどんのつゆを合わせて冷やしておきます。ボウルにAの調味料をすべて加えてよく混ぜ合わせます。砂糖が溶けたら冷蔵庫に入れて冷やしておきましょう。続いて野菜を切ります。どの野菜も麺と絡みやすくしたり、箸で取りやすく切ったりということがポイントとなります。レタスは7～8㎜幅に。きゅうりは両端を切り落として斜めに5㎜幅ほどに切り、それを重ねて棒状に。かいわれ菜は根元を切り落とし、ミニトマトは半分に切り、オクラはゆでてから縦半分に切ります。コーン缶の汁気を切っておき、用意できた野菜も盛り付け直前までしっかり冷蔵庫で冷やしておきます。
きのことわさびの和風スパゲッティのレシピ/作り方：白ごはん.com	このパスタはチューブのおろしわさびを使って、醤油とバターの風味の中に、少しツンとわさびが香るレシピです。※きのこは2～3種類あればOKで、今回は椎茸、しめじ、えのき茸を合わせました。好みで舞茸やエリンギなども使ってみてください。まずはきのこを切ります。しめじとえのき茸は石づきを切り落とし、えのき茸だけ長さを半分にして、食べやすくほぐします。椎茸は軸を落としてから5～6㎜幅に切ります。切ったきのこは耐熱ボウルに移します（ゆでたパスタを後から加えるので大きめのボウルがおすすめ）。きのこを加熱する前に、スパゲッティを袋の表示時間通りにゆではじめます。たっぷりのお湯に塩を加えてゆで、ゆでた後にスパゲッティに塩気を少し感じるくらいにするのが大切です。スパゲッティをゆではじめたら、ボウルにふんわりとラップをして、600Wで2～3分ほど加熱して、きのこに火を通しておきます。※スパゲッティをゆでるときの塩の分量の目安は、お湯２Lなら塩20ｇ（大さじ1と1/4ほど）です。
ほたるいかと菜の花の卵黄パスタのレシピ：白ごはん.com	ほたるいかは食べる時の食感が悪くならないよう、いくつか下ごしらえが必要です。まず、必ずやったほうよいのはほたるいかの目を取り除くことです。骨抜きやピンセットを使って取ります。また、菜の花は食べやすい幅に切っておきます。※丁寧に下ごしらえをするならば、足の付け根にある口も指で軽く押し出すようにして、同じく骨抜きなどで取り除くとより口当たりがよくなります。詳しくはほたるいかの炊き込みご飯で紹介しています。
だしブレンドrecipe/えのきとわかめの出汁パスタ：白ごはん.com	このレシピはえのき茸と乾燥わかめを具に、刻みねぎなどの薬味を最後にプラスします。だしを取った後にえのき茸とわかめを加えて火を通すことで、だしにとろみが付いてスパゲッティへの絡みがよくなるんです。具材に加えるえのき茸は石づきを落として長さを半分に切ります。はじめに、フライパンにだしブレンド大さじ1と1/2、水300mlを合わせて火にかけます。沸いたら弱火にして5分だし取りします。同時に別の鍋にたっぷりの湯を沸かして塩大さじ1ほど（分量外）を加え、スパゲッティの袋の表示時間から30秒ほど短い時間ゆでます（ゆでた後のスパゲッティに塩気を少し感じるくらいにしたいので塩は多めです）。
なめたけと大根おろしのさっぱりパスタのレシピ：白ごはん.com	美味しいパスタ料理を作るにはゆで湯に入れる塩の分量が大切です！→「パスタのゆで方」にて詳しく紹介しています。
2人前のパスタをゆでるなら、お湯2Lはできればほしいところ。塩は大さじ1と1/4（約20ｇ）加えます。
パスタは水でしめると硬くなるので、冷たくして食べる場合はしっかり芯までゆでたほうがよいです。それからざる上げして、冷水で冷やして水気を切っておきます。
簡単で美味しい！しらすおろしパスタのレシピ：白ごはん.com	美味しいパスタ料理を作るにはゆで湯に入れる塩の分量が大切です！→「パスタのゆで方」にて詳しく紹介しています。
2人前のパスタをゆでるなら、お湯2Lはできればほしいところ。塩は大さじ1と1/4（約20ｇ）加えます。
パスタは水でしめると硬くなるので、冷たくして食べる場合はしっかり芯までゆでたほうがよいです。それからざる上げして、冷水で冷やして水気を切っておきます。
ブロッコリーの和風パスタのレシピ/作り方：白ごはん.com	ブロッコリーは房の部分は小さめに割いて、茎の部分は粗く刻んでおきます→ブロッコリーの下ごしらえのページも参考にしてください。
また、にんにくはみじん切り、ごぼうと椎茸はにんにくより少し大きめの5㎜角くらいの大きさに切ります。
絶品！納豆パスタのレシピ/作り方：白ごはん.com	美味しいパスタ料理を作るにはゆで湯に入れる塩の分量が大切です！→「パスタのゆで方」にて詳しく紹介しています。
2人前のパスタをゆでるなら、お湯2Lはできればほしいところ。塩は大さじ1と1/4（約20ｇ）加えます。
パスタは水でしめると硬くなるので、冷たくして食べる場合はしっかり芯までゆでたほうがよいです。それからざる上げして、冷水で冷やして水気を切っておきます。
冷製 梅じゃこパスタのレシピ/作り方：白ごはん.com	美味しいパスタ料理を作るにはゆで湯に入れる塩の分量が大切です！→「パスタのゆで方」にて詳しく紹介しています。
2人前のパスタをゆでるなら、お湯2Lはできればほしいところ。塩は大さじ1と1/4（約20ｇ）加えます。
パスタは水でしめると硬くなるので、冷たくして食べる場合はしっかり芯までゆでたほうがよいです。それからざる上げして、冷水で冷やして水気を切っておきます。
絹さや、卵、ベーコンのシンプルパスタのレシピ：白ごはん.com	美味しいパスタ料理を作るにはゆで湯に入れる塩の分量が大切です！→「パスタのゆで方」にて詳しく紹介しています。
2人前のパスタをゆでるなら、お湯2Lはできればほしいところ。2Lに対して塩は大さじ1と1/4（約20ｇ）加えます。下の写真にはないですが、細切りにした絹さやをゆで上がりの20秒前に入れて、パスタを一緒にざるあげしてください。
パスタをざる上げしたら、しっかりゆで湯を切ってからフライパンに合わせます。
※ゆで湯を大さじ２ほど使うので、途中ゆで湯を必要な分だけ取っておいてください。※パスタのゆで上がり時に、ベーコンなどを炒め終えておく必要があるので、フライパンでの調理時間を逆算してゆで始めることも大切です。
新ごぼうとねぎのペペロンチーノのレシピ/作り方：白ごはん.com	美味しいパスタ料理を作るにはゆで湯に入れる塩の分量が大切です！→「パスタのゆで方」にて詳しく紹介しています。
2人前のパスタをゆでるなら、お湯2Lはできればほしいところ。2Lに対して塩は大さじ1と1/4（約20ｇ）加えます。
フライパンで少し火が入ることを考えて、ちょっとだけ硬めにパスタをゆで上げ、しっかりゆで湯を切ってからフライパンに合わせます。
※ゆで湯を大さじ2ほど使うので、途中ゆで湯を必要な分だけ取っておいてください。※パスタのゆで上がり時に、ごぼうを炒め終えておく必要があるので、フライパンでの調理時間を逆算してゆで始めることも大切です。
キャベツと桜えびのパスタのレシピ/作り方：白ごはん.com	美味しいパスタ料理を作るにはゆで湯に入れる塩の分量が大切です！→「パスタのゆで方」にて詳しく紹介しています。
2人前のパスタをゆでるなら、お湯2Lはできればほしいところ。2Lに対して塩は大さじ1と1/4（約20ｇ）加えます。
フライパンで少し火が入ることを考えて、ちょっとだけ硬めにパスタをゆで上げ、しっかりゆで湯を切ってからフライパンに合わせます。※パスタのゆで上がり時に、キャベツを炒め終えておく必要があるので、フライパンでの調理時間を逆算してゆで始めることも大切です。※ゆで湯を大さじ2ほど使うので、途中ゆで湯を必要な分だけ取っておいてください。
家で手作り！ごま豆乳鍋のレシピ/作り方：白ごはん.com	ごま豆乳鍋に必須の食材は豆乳（無調整）と白すりごまの2つです。具材は好みのものでOKですが、今回は豚しゃぶ肉、鶏もも肉、白菜、水菜、にんじん、えのき茸、木綿豆腐、長ねぎ、椎茸を合わせました。※これ以外にお餅や〆のゆでうどんなどをお好みで。白菜はキャベツに置き換えても美味しいです。また、白すりごまにプラスして、家にあれば白ねりごまを加えるとよいです。スープのコクがアップします。まず、野菜を切る前に、土鍋に水800mlと昆布2枚を合わせておきます。30分くらい水に浸けておくことで、昆布だしがスムーズに出るためです。野菜は、ねぎは斜め切り、きのこ類は食べやすい大きさに、にんじんは少し食べ応えがある短冊切り（5～6㎜厚くらい）に切ります。水菜はため水の中で土を洗い落してから、根元を切り落として4～5㎝長さに、白菜は3～4㎝幅に切ります。豆腐も食べやすい大きさに切り分けておき、水洗いした水菜や白菜はざる上げして水気を切っておきます。
シンプルに美味しく！絶品キムチ鍋のレシピ/作り方：白ごはん.com	キムチ鍋の具は白菜キムチ、ねぎ、ニラ、えのき、豚ばら肉、タラなどの白身魚、木綿豆腐です。この他に、もやしや春菊、きのこ類やおもちなど、好みのものを用意してください。だしはしっかり濃いめの煮干しだしがおすすめです。火にかけたときにスムーズにだしが出るよう、A（水1.5L、煮干し30g、昆布10g）を1時間以上前に合わせておきましょう。※土鍋で加熱するときにじっくり火が通るので、水の中に煮干しと昆布を合わせておくだけでOKです。また生姜やにんにくなどの風味の強いスープになるので、頭やワタは除く必要はありません。→「煮干しだしの取り方」に選び方や詳細をのせています。野菜類やキムチは食べやすい大きさに切り、生姜とにんにくはみじん切りにします。タラなどの白身魚は、1切を3等分ほどに切ってから塩を薄く全体にふって5分おきます。それを熱湯にくぐらせ、水気をふき取ります（臭み消しのため）。また、豚肉は1.5㎝幅に切っておきます。
ヴィーガン鍋つゆ！ごま豆乳鍋のレシピ/作り方：白ごはん.com	ごま豆乳鍋に必須の食材は豆乳（無調整）と白すりごまの2つです。具材は食べ応えがあったり、いい出汁が出る具材をうまく組み合わせるとよいです。今回は白菜、水菜、厚揚げ、カリフラワー、ねぎ、にんじん、ごぼう、もやし、きのこ類、ゆでうどんを合わせました。※白菜はキャベツに置き換えても。また、白すりごまにプラスして、家にあれば白ねりごまを加えるとよいです。スープのコクがアップします。まず、野菜を切る前に、水800mlと昆布1枚、干し椎茸3～4枚を合わせておきます（干し椎茸の大きさにもよりますが、1～2時間前以上に合わせておくとよいです）。野菜は、ねぎは斜め切り、きのこ類は食べやすい大きさに、にんじんは少し食べ応えがある短冊切り（6㎜厚くらい）に切ります。水菜はため水の中で土を洗い落してから、根元を切り落として4～5㎝長さに、白菜は3～4㎝幅に切ります。※干し椎茸は戻ったら軸を切り落として食べやすい大きさ（1㎝幅ほど）に切って、鍋に戻し入れておきましょう。ごぼうは具材にするというよりは、鍋つゆの風味をアップするために加えるのでささがきにします。切ったものは水にさらしておきます。厚揚げは食べやすい大きさに切り、カリフラワーは小房に切り分けてからため水で洗っておきましょう。※ささがきごぼうのやり方は「ささがきの手順」のページに詳しく載せてあるので参考にしてみてください。
菊芋と小松菜の味噌汁のレシピ/作り方：白ごはん.com	菊芋は生で食べるとシャリッとした食感ですが、火を通すとホクっとして甘さが引き立ちます。ほのかに土っぽい香りも。火を通した後の菊芋が似ている野菜を選ぶとしたら"長芋”でしょうか。軽い芋っぽい味わいと甘みが楽しめます。このレシピでは、菊芋を小松菜と合わせて、シンプルな味噌汁にします。はじめに、小松菜は4～5㎝幅に切っておきましょう。菊芋は最終的に上の写真のように、食べやすい大きさに切るのですが、でこぼこしているので、皮がむきやすそうなところで切り分けます。それを形にそって皮をむき、食べやすい大きさの7～8㎜幅に切ります。
大根と油あげの味噌汁のレシピ/作り方：白ごはん.com	用意する具材は【大根、油あげ、好みで細ねぎ】の3つです。はじめに大根は4～5㎝長さの食べやすい棒状に切ります。大根が汁物の具のメインになる場合は、大根の繊維に沿うように棒状に切ると、食感よく食べ応えも出るのでおすすめです。大根の太さは好みですが、今回ははじめに縦に6～7㎜幅に切り、切ったものを数枚重ね、端から4～5㎜幅に切りました（豚汁などでは繊維を断つように切るとよいのですが、その説明は下の補足に）。大根を切ったあとに、油あげを短冊形に切ります（包丁やまな板が汚れない順で切ると、切るときにも包丁がすべりにくく作業がはかどります）。※油あげの油抜きは、上品に仕上げたい・カロリーを控えたいなどの場合以外は特にやる必要もなく、逆にそのまま入れることで油のコクが味噌汁にプラスされるメリットがあると思います。油あげの油抜きは、表面の油を落とすのでカロリーが抑えられたり、ものによっては油くささを抜くことができます。そのやり方は2通りあって、一つは手軽に熱湯をかけるだけのやり方です。ざるでも、まな板の上でもよいので、油あげを置いて上から熱湯をまわしかけます。裏返して両面やるとよいです（まな板の場合は熱湯が流しに流れるよう、まな板を少し斜めにした状態にしっかり支えてやってください）もう一つのやり方は、ボウルに油あげを入れて熱湯をかけるやり方です。こちらは熱湯の中に油あげを沈めることができるので、より油が抜けやすくなります。2つどちらの方法でも、粗熱が取れてから、軽く水気を絞るか吸い取るなどしてから、油あげを切るようにしましょう。※他にも、いなり寿司や煮物などで、油あげにしっかり煮汁をしみ込ませたいときの油抜きの方法として、油あげを熱湯でしっかりゆでるというやり方も。鍋にだし汁400mlと切った大根と油あげを入れて中火にかけます。沸いてきたら火を弱め、大根が透明になって火がしっかり通るまで3～4分ほど加熱します。大根に火が通れば、一度火を止めてから、味噌大さじ2を目安に溶き入れます。＊味噌は塩分に差があるので味を見ながら調整してください味噌こしを使うと手早くダマなくできますが、お玉に味噌を入れ、少しのだし汁と合わせて箸で混ぜ溶かすやり方でもよいです。また、味噌こしを使うと味噌の中の麹が溶け残ります。これは口当たりを重視して戻し入れなくてもOKですが、栄養価のことも考慮し、丸ごと味噌を味わうならぜひ戻し入れてください。味噌を溶き入れたらさっと混ぜ、再び中火にかけます。沸騰直前まで味噌汁を温め、好みで薬味ねぎを刻んだものを加え、お椀にそそぎ入れて出来上がりです。※味噌汁をぐらぐらと沸騰させると、味噌の風味が飛んでしまうので注意が必要です。
豆腐とわかめの味噌汁のレシピ/作り方：白ごはん.com	用意する具材は【豆腐、乾燥わかめ、長ねぎ】の3つです。豆腐は木綿や絹ごしなど好みのものを準備してください。はじめに長ねぎを好みの形に切ります。今回は斜め薄切りに切りましたが、長ねぎは決まった切り方なんてないので、具材感を出したいかどうかなどで切り方や厚みを変えるとよいです。具材感を出したいときは【1㎝幅前後の輪切りや斜め切り】にしたり、逆に【小口切りや斜め薄切り】にすれば他の具材を引き立たせるような控えめな具材感に。薄く切ったほうがねぎの風味は出やすいという点だけ考慮して、好みの形に切ってみてください。鍋にだし汁400mlと切った長ねぎを入れて中火にかけます。沸いてきたら1.5㎝角ほどに切った豆腐を加えます。豆腐を手のひらの上で切るときは、包丁を手の上で引いたり押したりしないことが大切。包丁を上から垂直にやさしく落とし、手のひらに当たるかどうかのところで必ず「真上」に引き上げましょう。※今回は1/3丁と小さかったので、はじめに厚みを半分に切り、それを倒して1.5㎝角くらいになるよう、角度を変えて切りました（豆腐が大きければ厚みを半分にする際は、包丁を横にして切っても）豆腐を切るよりももっと手軽な方法として、お玉で豆腐をすくい取って汁に加える、というやり方も。豆腐の具材感がより出るのでさらりとした仕上がりにはなりませんが、時短にもなります。豆腐を入れて沸いてきたら火を弱め、1～2分豆腐を温めます（温まった豆腐は少し浮き上がってきます）そうなれば、一度火を止めてから、乾燥わかめを加え、味噌大さじ2を目安に溶き入れます。＊味噌は塩分に差があるので味を見ながら調整してください味噌こしを使うと手早くダマなくできますが、お玉に味噌を入れ、少しのだし汁と合わせて箸で混ぜ溶かすやり方でもよいです。また、味噌こしを使うと味噌の中の麹が溶け残ります。これは口当たりを重視して戻し入れなくてもOKですが、栄養価のことも考慮し、丸ごと味噌を味わうならぜひ戻し入れてください。味噌を溶き入れたらさっと混ぜ、再び中火にかけます。沸騰直前まで味噌汁を温めてからお椀にそそぎ入れて出来上がりです。※味噌汁をぐらぐらと沸騰させると、味噌の風味が飛んでしまうので注意が必要です。
さつまいも,玉ねぎ,しめじのみそ汁のレシピ/作り方：白ごはん.com	さつまいもはヘタを切り落として、1㎝弱ほどの半月切り（太ければいちょう切り）にします。玉ねぎは5～6㎜幅に切り、しめじは石づきを切り落として軽くほぐしておきましょう。※だしに関しては煮干だしでも、かつおだしでも、お好みのだしを用意してください。
キャベツのみそ汁のレシピ/作り方：白ごはん.com	キャベツはさっと洗ってから芯を切り落とし、適当な大きさに切ります（今回は3～4㎝四方ほど）。にんじんは3～4㎝長さのせん切りに、油揚げは細めの短冊切りに、えのき茸は石づきを落として長さを半分に切ります。※だしに関しては煮干だしでも、かつおだし、熱湯をそそぐだけの時短だしでも、お好みのだし汁で。
かぼちゃとピーマンのみそ汁のレシピ/作り方：白ごはん.com	かぼちゃとピーマンのみを具にみそ汁を作ります。材料に細かい分量も書いていますが、切った後、見た目に同量くらいになるよう用意してみてください。※また、だしに関しては煮干だしでも、かつおだし、熱湯をそそぐだけの時短だしでも、お好みのだし汁で。かぼちゃは種とワタを取り除いて、食べやすい大きさで6～7㎜幅に切ります。ピーマンも縦半分に切ってから、同じくヘタやワタなどを除いて、大きめの乱切りにします。
鮭と根菜の粕汁（かす汁）のレシピ/作り方：白ごはん.com	具材を切る前に、はじめに水700mlのうちの600mlを鍋に入れて昆布を合わせ、別容器に残りの水100mlと洗った干し椎茸を合わせます。干し椎茸が戻るまで数時間水に浸しておき、椎茸が戻れば干し椎茸の戻し汁を、昆布だしの入った鍋に濾し入れます。具材は鍋に先に入れる根菜類から切るとよいです。はじめに、戻した干し椎茸は軸を切り落として4～6等分に切ります。ごぼうは洗ってから食べやすい大きさの乱切りにして水にさらし、大根とにんじんはいちょう切りにします（大根は1㎝幅、にんじんは6～7㎜幅ほど）。切ったものはすべて昆布の入った鍋に入れておきます。※太い長ねぎを斜め切りにした場合などは、ここでねぎも一緒に加えてもOKです。また、油揚げは後で入れる工程にしていますが、好みでここで入れても。鍋を中火にかけて沸いたら火を弱めます。椎茸からアクが出てくるので、丁寧にすくい取ります。昆布を取り出して、そのまま6～8分ほど煮て、野菜にじっくり火を通します。根菜類の野菜に火を通している間にでも、油揚げは短冊に切り、ねぎは（用意できるねぎでよいので）斜め薄切り等に切っておきます。また、鮭は皮ごと4～5等分くらいの食べやすい大きさに切ります。※今回は甘口の塩鮭を使用しています。鮭の分量や塩気によって後から加える味噌の量も変わってきます。
芽キャベツのみそ汁のレシピ/作り方：白ごはん.com	今回は芽キャベツをみそ汁のメインの具にして、そこにじゃが芋とベーコンを合わせます。※だしに関しては煮干だしでも、かつおだしでも、お好みのだしを用意してください。まず、芽キャベツは縦半分に切り、ベーコンは1㎝幅に切ります。じゃがいもは5～6㎜幅の半月切りにして水にさっとさらします。
なすの炒め揚げの味噌汁のレシピ/作り方：白ごはん.com	なすは油と相性がよく、味噌汁の具にするときも素揚げすると暑い時期でも食べやすくなります。今回は家庭でより手軽に作れるように『素揚げではなく、なすを炒め揚げして作る』やり方を紹介します。まず、なすはへたを切り落として縦半分に切り、皮目に斜めに浅く切り込みを入れます（１〜２㎜間隔くらいで）。それから３㎝長さに切ります。なすはすぐに炒め揚げすれば水にさらす必要はないので、鍋と油も用意しておくとよいです（切ってから時間を置くときは水にさらしてください）。
また、ごぼうはささがきにして水にさらしておきます。※なすの皮目に切り込みを入れるのは食べやすくするためと、油の染み込みをよくして、なすの皮の色をきれいに仕上げるためです。また、ごぼうをささがきにする時間がないときは斜め薄切りでＯＫです！
レタスとゆで卵の即席みそ汁のレシピ/作り方：白ごはん.com	レタスはみそ汁の具としてはマイナーですが、さっと火が通るうえにシャキシャキ感が残るので、実はみそ汁の具に最適だと思います。今回はレタスにゆで卵を加え、彩りもボリュームもばっちりなみそ汁を作ります。※熱い汁をかけるだけで火が通る具材なので、お椀に具材を盛っておいて【だし汁とみそで作った具なしみそ汁をお椀にそそぎ入れる】という作り方でもOKですし、※だしブレンドなどの口当たりよい粉末だしを用意し、だし汁を取らずに【みそと粉末だしを入れたお椀に熱湯150mlをそそぎ入れる】というやり方でもOKです。まず、人数分のゆで卵を準備します（写真のゆで卵で沸いたところに卵をそっと入れて9分ゆでです）卵はさわれるくらいまで冷まして殻をむき、半分に切っておきます。※ゆで卵のゆで時間による黄身の状態の差や、糸を使ったきれいな切り方など「ゆで卵の基本」も参考に。レタスはさっと洗って、包丁で3㎝四方くらいに切っておくか、手でそのくらいの大きさにちぎっておきます。また、具なしのみそ汁を作ってそそぎ入れる場合は、鍋にだし汁を沸かしてみそを溶かし混ぜておきます。お椀にレタス、ゆで卵、乾燥わかめを入れて、沸騰直前まで温まったみそ汁をそそぎ入れます。粗びき黒胡椒がきいていると美味しいので、ひとふりしてから、乾燥わかめがしっかり戻るくらい（1分ほど）待ってからいただきます！
豆苗のみそ汁のレシピ/作り方：白ごはん.com	今回はさっと火の通る豆苗をみそ汁のメインの具にして、そこに油揚げと乾燥わかめを合わせます。豆苗1パックを使い切れば具だくさんの仕上がりになります。具を控えめにしたいときは1/2パックほどでも。※だしに関しては煮干だしでも、かつおだし、熱湯をそそぐだけの時短だしでも、お好みのだしを用意してください。まず、豆苗は根元を切り落として長さを半分に切り、油揚げは短冊形に切ります。
かぶと油揚げのみそ汁のレシピ/作り方：白ごはん.com	写真くらいの大きさの小かぶで、実の部分の重さが100gほど。このくらいの大きさなら皮をむかずにみそ汁の具にして美味しいです。かぶは実を切り落とし、皮ごと6～7㎜幅ほどのいちょう切りにします。油揚げは短冊切りにします。※実にかぶの茎と葉がついていれば、2～3本分だけでよいので、色味も食感もよくなるので加えてみてください。かぶの実とつながっている部分を切り落としてバラバラにして、土などの汚れを丁寧に落とします（葉はため水の中で洗っても）。それを1㎝弱くらいに切っておきます。※だしに関しては煮干だしでも、かつおだしでも、お好みのだしを用意してください。
コーンとベーコンの即席みそ汁のレシピ/作り方：白ごはん.com	用意する具材は缶詰の粒コーン、薄切りベーコン、乾燥わかめの３つです。今回は手軽さを重視してお椀で仕上げるやり方を紹介しています（材料でいうところの『汁の作り方①』です）。※具にしっかり火を通す必要がないので、具材を先にお椀に盛っておいて【だし汁とみそで作った具なしみそ汁をそそぎ入れる】という作り方にしています。でも、たくさんの分量を作る場合は、人数分の具材を鍋にどかっと入れて作ったほうが手軽なので、分量によってやり方を変えてみてください。ベーコンは5～6㎜幅に切り、汁気を切ったコーンと乾燥わかめと共にお椀に盛り付けます。また、鍋にだし汁150mlを沸かしてみそ小さじ2を目安に溶かし混ぜておきます。お椀に沸騰直前まで温まったみそ汁をそそぎ入れ、仕上げにこしょう少々をふりかければ完成です。コーンの食感とベーコンのうま味・風味が混然一体となるので、なかなか美味しいお味噌汁だと思います。
きゅうりのみそ汁のレシピ/作り方：白ごはん.com	きゅうりに火を通して、味噌汁の具として美味しく食べるためのポイントは二つ。一つめは「きゅうりの皮をむくこと」。きゅうりの皮は火を通すと青くさいので、９割がたピーラーで皮をむき取ります（残りの1割ほどは色味のために私は残すようにしています）。あとはきゅうりを1〜1.5㎝幅に切ります。また、油あげは細切りにしておきます。
ブロッコリーと厚揚げのみそ汁のレシピ/作り方：白ごはん.com	ブロッコリーは‟実は風味の強い野菜”なので、同じく風味の強いネギ類や淡白な豆腐などと合わせるのではなく、野菜なら風味の穏やかな根菜や、厚揚げや卵などと合わせると美味しいです。今回は厚揚げと人参を合わせます。ブロッコリーは房に切り分け（大きければ1/2に）、人参はせん切り、厚揚げはひと口大に切ります。※ブロッコリーの下ごしらえについては「ブロッコリーのゆで方」を参考にしてみてください。
自家製なめたけのレシピ/作り方：白ごはん.com	はじめに昆布だしを準備します。鍋に6～7㎝四方の昆布1枚を入れ、水120mlを合わせて30分～1時間ほど置いておきます。戻った昆布は取り出し、食べやすいよう細切りにしておきます。※レシピ分量の昆布だし（100ml）より少し多めの水（120ml）を合わせるのは、昆布が水を吸うからです。昆布だしをたっぷり別に用意して作るような場合は、きっちり100ml量ってください。※かつおと昆布の合わせだしの方が準備しやすければ、それでもOKです。味の違いは下の補足に記載しています。えのき茸は石づきを切り落として、長さを半分に切ります。昆布だしの入った鍋に移します（根元部分は軽くほぐしておくとよいです）。
簡単！大根の皮の漬物（ポン酢漬け）のレシピ：白ごはん.com	大根とかぶは、特に煮物などの柔らかく火を通す調理の際、皮の近くの筋が口に残るため、皮を厚くむいて仕上げる必要があります。レシピでいえば、おでんや豚バラ大根などですが、そのように皮をむくと野菜の1～2割近くをむき取ることに。それを手軽に活用するやり方を下に紹介します。
さっぱり美味しい梅なめたけのレシピ/作り方：白ごはん.com	梅味のなめたけの味作りと風味づけに大切なのは「梅干し」と「かつお削り節」。
　＊特に「梅干し」は酸味のしっかりとした、昔ながらの梅、塩、紫蘇を原料とした作りのものがおすすめです。えのき茸は石突きを切り落として1〜1.5㎝幅に切り、根元に近いところは手でほぐします。梅干しは種を除いて、包丁でしっかりと叩き、ペースト状にします。鍋にはじめからすべての材料を合わせます。切ったえのき茸と梅干し、Ａの調味料を加え、酸味をよりプラスするために取り出した梅干しの種も一緒に火にかけるために加えます。かつお削り節は手でもんで細かくした方が、味のなじみがよくなるので、細かくしてから加えます。
なめこおろし和え（なめこおろし）のレシピ/作り方：白ごはん.com	なめこおろしの材料はなめこ1パックと大根250ｇ（1/4〜1/5本）を目安として、あとは用意できる青みを組み合わせるとよいです。大根やかぶの葉があれば、やわらかくゆでて加えるとOKですが、なければ「ゆでた三つ葉（1㎝幅）」「刻みねぎ」「ゆでたモロヘイヤ・小松菜・ほうれん草など（粗く刻んで）」などを合わせてみてください。※葉っぱが切り落とされた大根でも、茎部分が多くついているものを購入すれば、それでもなんとか事足りると思います。
柴漬け（しば漬け）のレシピ/作り方：白ごはん.com	柴漬けを作る時、なす、きゅうり、みょうが、生姜をはじめに塩だけで下漬けします。まず、なすはヘタを切り落としてから縦半分に切り、縦6〜8等分に切ったのち、長さを半分にします。切ったものは水にさらします。次に、生姜はせん切りに、みょうがは乾いた根元を少し切り落としてから、縦に4〜6等分に切ります。きゅうりは両端を切り落として、縦半分に切り、5〜6mm幅の斜め切りにします。
わかめの生姜煮（煮物）のレシピ/作り方：白ごはん.com	わかめがメインの煮物なので、年中買いやすくて、食べ応えもある塩蔵わかめで作ります（乾燥わかめでも作れますが、食べ応えが少し物足りない感じになるかもしれません。下記補足に乾燥わかめ使用時の分量などをまとめています）。塩蔵わかめを使うときは『塩をしっかり洗い落として、水で５分ほど戻してから使う』ことが大切です。下の写真のように、ボウルの中でたっぷりの水にわかめを浸し、戻しつつ塩気を抜いてあげるわけです。５分ほど水につけたあとに、煮物が水っぽくならないようにしっかり水気をしぼることが大切です。水気をしぼった後に重さを量ると３０gだった塩蔵わかめが６０gほどに増えていました。この状態から煮物にすることが大切です。塩蔵わかめはわかめが根元でつながったままの状態であることが多いので、『水気をしぼったわかめを一度広げて、根元を切り分ける』と後々食べるときに長すぎるものが出てきません。根元を切ったら４〜５㎝幅に切っておきます。生姜も食べ応えが出るように、細めの短冊切りにしました。
赤かぶ・玉かぶの漬け物のレシピ/作り方：白ごはん.com	このかぶの漬け物は「小かぶの漬け物」よりも、1玉が大きいものを使います。小かぶでは葉っぱも一緒に漬けましたが、大きなかぶの場合はかぶの実のみを漬けるほうが手軽です。実だけを漬け込むことで、より保存期間もアップしてくれます。※今回は1玉が400〜450ｇほどある“赤かぶ”と白い“玉かぶ”をそれぞれ漬けました。作り方は同じなので赤かぶで工程を紹介しています。
大根のゆず醤油漬けのレシピ/作り方：白ごはん.com	まず、大根はピーラーなどで皮を薄くむきます（煮物のように厚くむかなくてOKです）。次に4〜5㎝幅に切ってから、大根を縦において繊維にそって8〜9㎜幅に切ります。それを2枚ずつくらい重ねて並べ、また繊維にそって8〜9㎜幅に切って棒状にします。※皮を薄くむく、繊維にそって切る、共に食感がよいようにするためです。切ったものをボウルに入れ、塩小さじ1をまぶして15分おきます。
レンジで作る！自家製なめたけのレシピ/作り方：白ごはん.com	えのき茸は石付きを切り落として、1〜1.5㎝幅に切ります。少し大きめの耐熱容器にＡを合わせて調味料を溶かし混ぜます（※レンジ加熱するときに、煮汁がブクブクと泡立つので、大きめの耐熱ボウルなどがおすすめ！）続いて、切ったえのき茸をボウルに入れます（このとき、根元側のくっついた部分はほぐしながら加えましょう）。軽く箸で混ぜ合わせてから、ふんわりとラップします。※ぴっちりラップしてしまうと、蒸気の逃げ道がなくなるので、ふんわりとラップしたほうがよいです。
梅干しの作り方／漬け方：白ごはん.com	梅は6月初旬～中旬以降に出回る『熟した梅』を使用します。梅は熟すと全体に黄みがかり、梅の芳醇な香りが出てきます。熟した梅は柔らかいのでやさしく扱いながら、洗う前に梅の黒いヘタを1つずつ取り除く作業を行います。※もし購入したものが少し緑がかっている場合は、1〜2日ほど常温において追熟させるとよいです。すべて取り除けたら、ボウルなどに移してため水の中で梅をやさしく洗って水気を切ります。梅を洗い終わった後にも、保存食に水気は厳禁なので、きれいな布巾を使って1個ずつ梅の水気をふき取ります（※ヘタの部分にも布巾を入れて水気を切りましょう！）。水気をふいた梅はバットやざるに移しておきます。※下ごしらえの時に梅が傷んでいないかを確認し、傷んでいるものは梅干しには使わず、梅ジャムなど他のものに活用しましょう（カビや濁りの原因となるため）。
花わさびと葉わさびの醤油漬けのレシピ/作り方：白ごはん.com	花わさびと葉わさびは『花（葉）わさびの下処理のコツ』を参考に、準備をしてください。醤油漬けにする場合は、必ず密封できるガラス瓶などに詰めておくことが大切です。密封できる容器でないと、保存する間に辛みが飛んでしまうためです。
自家製ゆかりの作り方（梅と一緒に漬けた赤しそにて）：白ごはん.com	手作りの梅干しでは、赤しそを一緒に漬け込んで鮮やかな赤い色合いを梅干しに付けます。梅雨が明けた７月下旬に、漬け込んだ梅を天日に干す作業（土用干し）を行いますが、それと同じように赤しそも干すことで手作りのゆかりを作ることができます。※赤しそを干すタイミングは、梅と一緒でもよいですし、別の日程でもOKです。漬かった赤しそを手でしぼって、バットなどに取り出したら、赤しそをある程度、手で広げながらざるに並べます。必ずしも１枚ずつ丁寧に広げる必要はありませんが、塊の状態で干して固まったものは、すり鉢などで粉状になりにくくなるので、塊にならないよう、広げながら干すとよいです。あとは天日に当てて、カラカラになるまで赤しそを干します。日差しが強ければ1日でカラカラになってくれます。※天日の強さや当たり方によっては、2日かかることもあるので、2日続けて晴れの日に干しはじめるとよいと思います。
だしブレンドrecipe / さっぱり梅なめたけ：白ごはん.com	えのき茸は石突きを切り落として1〜1.5㎝幅に切り、根元に近いところは手でほぐします。梅干しは種を除いて、包丁でしっかりと叩き、ペースト状にします。
昆布の佃煮のレシピ/作り方：白ごはん.com	昆布の佃煮はだしをとった後のだしがら昆布を使うとよいです。佃煮を作るときはある程度まとめて作ったほうがよいので、だしがら昆布が出るたびに冷凍しておき、たまったてからまとめて佃煮にする、というやり方がよいです。昆布を切るのは、冷凍する前でも、解凍してからでもいいですが、大きさは食べやすい２〜３㎝四方に切ります。※冷凍した場合は半解凍くらいで切ると切りやすいです！切ったものは鍋に移し入れます。※昆布の色を良くするために鉄鍋を使用してもいいのですが、今回はちょうどよい大きさの鉄鍋がなかったので、普通の鍋で佃煮を作ります（鉄鍋は昆布の色素を安定させ、佃煮を濃い黒色に炊きあげてくれます）
かぶの浅漬け（即席漬け）のレシピ/作り方：白ごはん.com	この浅漬けは、小かぶの実と葉っぱ、両方を美味しく食べるレシピです。シンプルな浅漬けとは異なり、塩を増やし、調味料（酢と砂糖）を加えて葉っぱも食べやすく仕上げています。※『浅漬けの基本』ではシンプルに野菜に対して2％の塩で漬けていますが、かぶに関しては塩だけだと、葉っぱに苦味やクセが残って少し食べづらかったのでそのようにしています。
黒糖蒸しパンのレシピ/作り方：白ごはん.com	黒糖蒸しパンの材料は、【小麦粉、黒糖、牛乳、卵、ベーキングパウダー、塩、油】です（黒糖は大きな塊のものよりも、粉末状のものが使いやすいのでおすすめ）※生地を流し入れる器やカップを用意する必要がありますが、「たまご蒸しパン」の工程①で詳しくまとめています。また、塊りの黒糖を使う場合は、耐熱容器に入れてレンジで少しずつ加熱して、スプーンで砕けるくらいになれば（加熱しすぎはNG)、スプーンで砕くとよいです。
鬼まんじゅう（芋の蒸しまんじゅう）のレシピ/作り方：白ごはん.com	鬼まんじゅうに使う材料は『さつまいも、小麦粉、砂糖、塩』の4つだけです。まずはじめに、サツマイモは両端を少し切り落とし、ピーラーなどで皮をむきます。※皮をむくのは口当たりを良くするためですが、皮をむかずに作ることもできます。好みで皮を残して同じ工程でやってみてください。サツマイモは最終的に8㎜角ほどの大きさに切ります。このくらいの大きさが食べやすく、芋にも甘みがしみ込みやすいと思います。はじめに縦に8㎜幅ほどに切り、続いて棒状に切ります。それから角度を変えて角切りにします。※次の調味料をまぶす工程にすぐに移れば、サツマイモを水にさらす必要はありません。ただ、切ってしばらくおく場合は、一度水にさらしたほうがよいです。
手作りずんだ餅のレシピ/作り方：白ごはん.com	用意するのはさや付きの枝豆と切り餅です。＊餅を白玉だんごに置き換えて作ることもできるので、必要があれば「白玉だんごの作り方」を参考に用意してみてください。※枝豆は冷凍でなく、鮮度のよいさや付きの枝豆をゆでて作るのがおすすめです。まず、鍋に湯を沸かし、さっと洗った枝豆をさやごと入れます。沸いたら火を少し弱め15分ほどかけて柔らかめにゆでます。15分ゆでると全体的に色も変わってきます。ざる上げして、手でさわれる温度になれば、さやから実を取り出します。この時のポイントが『さやから取り出した実には薄皮がついているので、その薄皮も取り除く』ということです。取り出した実はすり鉢やボウルにまとめておきます。※この薄皮を除く作業がいちばん手間がかかりますが、薄皮がずんだあんに入っていると口に残るので、一つずつ除いてください。一つずつ薄皮を除くのも大変なので、参考までに少しだけ手軽な方法も紹介しておきます↓↓↓【薄皮を除くやり方】取り出した実を軽くひとつかみずつ、水を入れたボウルに入れ、その中で指先で実をもむように動かすと薄皮が取れてきます。あとは上澄みといっしょに薄皮を捨て、実に薄皮が残っていないかを確認してからしっかり水気を切って、同じように続けて行っていきます。※この方法はしっかり水気を切っていかないと、仕上がりが水っぽくなってしまうので、実に水気を残さないようにすることだけ気を付けてやるとよいです。
豆乳蒸しパンのレシピ/作り方：白ごはん.com	豆乳蒸しパンの材料は、【小麦粉、豆乳、卵、小麦粉、ベーキングパウダー、塩、油】です。※豆乳をメインにした蒸しパンですが、白ごはん.comの蒸しパンレシピはどれも比較的しっかり食べ応えのある生地を目指しているので、豆乳200mlに卵1個を合わせるレシピにしています。※生地を流し入れる器やカップを用意する必要がありますが、「たまご蒸しパン」の工程①で詳しくまとめています。また、小麦粉は菓子や調理用の米粉や、全粒粉に置き換えて作っても（→こちらのブログ記事も参考に)
栗の鬼まんじゅう（栗の蒸しまんじゅう）のレシピ/作り方：白ごはん.com	栗を洗って鍋に入れ、1Lに対して大さじ1/2ほどの塩（分量外）を加えて塩ゆでします。沸いたら弱火にして、30〜40分ほど栗をゆでます（小さめなら30分、大きめなら40分が目安）。※栗のゆで方も参考に。上の写真は買ったものをまとめてゆでているので、栗300gより少し多めとなっています。ゆで汁ごと冷まして粗熱が取れたらざる上げし、栗を半分に切って実を取り出します。スプーンで取り出す際に、できるだけ栗の大きな塊を残すように取り出すようにしましょう。
シンプルで作りやすい『りんご煮』のレシピ/作り方：白ごはん.com	りんごは8等分に切って、皮と芯を除いてから、4～5㎜幅に切ります。鍋に切ったりんごを入れ、砂糖大さじ1と1/2、水100mlを加えます。
たまご蒸しパン(牛乳なし)のレシピ/作り方：白ごはん.com	このレシピは卵多めの蒸しパンです。牛乳なしで作るので、【全卵2個＋卵黄1個】を使います。卵以外の材料はオーソドックスで、【小麦粉、砂糖、サラダ油、ベーキングパウダー】です。※余った卵白はみそ汁の具にしたり、おかずにしたり、こちらも参考に。生地を混ぜ合わせる前に、蒸すための器やカップを用意しておきましょう。下の写真のようにいくつか方法があります。・紙カップ…後からレンジ可。崩れ防止のため器に入れて蒸す。
・アルミカップ…後からレンジ不可。これも同じく器に入れて。
・シリコンカップ…再利用可。器いらずで蒸せるもの多いかと。
・器に直入れ…ココットや湯飲み、そば猪口などに直入れしても。ちなみに縦長の器に直入れしたら下の写真のように膨らみます。粗熱が取れたら手で外せばOKです。好みの蒸し方でカップを用意してみてください。※器に直入れする際に内側に油はぬりません。生地に油が入っているのでそんなにくっつきません。油をぬると変な膨らみ方になることも…。
フライパンで手軽に！五平餅風だんごのレシピ/作り方：白ごはん.com	五平餅は温かいご飯をすりこ木でつぶして作りますが、ご飯をつぶす前に、すりこ木を使ってごまとクルミをつぶしておくとスムーズです。まず、すり鉢に分量のごまを入れて粒がなくなるまでしっかりすりつぶします。ごまをすったら、素煎りのクルミを加えてすりこ木でつぶします。ある程度つぶれたらすりつぶし、クルミの粒が粗く残るくらいの加減でストップしておきます。五平餅のたれを作るときに、このごまとクルミを加えます。
大学芋のレシピ/作り方：白ごはん.com	さつまいもはひと口、ふた口で食べられる大きさに切ります。ここでは揚げ上がりを均一にしたいので、大きさをそろえることが大切です（ここでは1.5㎝幅の半月切りにしました）。
１０分ほど水にさらしてから、キッチンペーパーなどで水気をふき取ります。※芋の切り方は、カリカリな仕上がりが好きな方は、乱切りのように先端が細くなるような切り方（乱切り）にしてもよいと思います。
きゅうりのサンドイッチのレシピ/作り方：白ごはん.com	メインの材料はシンプルにきゅうりと食パンの2つです。また、味付けにはマヨネーズとコショウを使い、バターは好みでOKです。このサンドイッチはきゅうりだけが具のため、きゅうりの塩もみの完成度がポイントです。なによりも、きゅうりの水気をしっかりしぼり出すことが大切となります。きゅうりは両端を切り落として縦半分に切り、それから斜め薄切りにします（余裕があれば半分に切った後に中央の種をスプーンなどで除くとよいです）。あとは塩をまぶして5分おいてからしっかり水気をしぼり出せば塩もみの完成です。⇒「きゅうりの塩もみの詳細」も参考に！
醤油味の焼きとうもろこしをイメージしたコーンバターのレシピ/作り方：白ごはん.com	用意するのは、生のとうもろこし1本に、バター10g、醤油大さじ1/2です。まず、とうもろこしは長さを半分にして、芯から実を切り落とします。※下の写真のようにかつらむき風にするのもいいですが、「とうもろこしご飯」のページではより簡単な‟縦に実をそぎ落とす方法”も紹介しています！
むかごの素揚げのレシピ/作り方：白ごはん.com	「むかごご飯」では、すり鉢の中で転がして薄く皮を落としましたが、素揚げするときは、皮も香ばしく揚がるので皮を落とす必要もありません。さっと洗って、水気をしっかり切っておきます。
切って混ぜるだけの「ゆず練り」のレシピ/作り方：白ごはん.com	このページの「ゆず練り」レシピは“果汁をしぼった後のゆずで、火を使わずに作る”やり方のものです。ポン酢やドレッシングなどの用途で果汁をしぼったゆずは、しぼった後に箸などを使って種をすべて取り出します（しぼる前のゆずで作る場合は、上の材料と下の補足を参考にしてみてください）。※出始めの黄ゆずは少し皮が硬いのですが、年明け付近からは皮もワタもやわらかくなって食べやすく、砂糖のなじみもよくなってきます。そういったやわらかい時期のゆずがおすすめです！（硬いときに作るときは、できるだけ薄めに切るなどの工夫をしてくださいね）種を除いたゆずは丸ごと薄切りにして、それから包丁の向きを90度変えて、食べやすい大きさに刻みます。
手作りバターピーナッツのレシピ/作り方：白ごはん.com	落花生は、煎ったものを用意できればそれでいいのですが、自分で収穫した生のものから作る場合は１週間ほど天日干しをするようです（塩ゆでして食べる場合は干す必要なしですが）。
すると、表面が乾燥して、振るとカラカラと中の実の音がします。そのくらいで十分なようです。殻をむいて、フライパンを弱火にかけ、根気よく転がしながら炒っていきます。
いろいろ調べたら２０〜３０分程度炒るとされていたのですが、今回はじめて私が炒ったものは、
１０分程度で香ばしい香りがただよい、十分に水分が抜けて食べごろとなりした。※干し方や粒の大きさにもよるのでしょうが、炒る時間は１０分程度でも物によっては十分なようです。ごまも炒りたてが美味しいといいますが、落花生の炒りたてはそのさらに上をいきました！塩なしでもいけます。
