基本の五目炊き込みご飯のレシピ/作り方：白ごはん.com	はじめに、五目炊き込みご飯の具材について。「ごぼう、にんじん、干し椎茸、こんにゃく、油揚げ」など、精進の具材を複数組み合わせ、そこに鶏肉を加えるかどうかを決めるとよいと思います。だし汁がなくても鶏肉が具として入れば、しっかり旨みが出て美味しくなりますし、だし汁さえあれば鶏肉なしでも十分美味しいです。準備できるもので作ってみてください。※だし汁については「基本のかつおだし」や、「そそぐだけ簡単だし」を参考に。だし汁なし＆鶏肉なしでも優しい味わいに。また逆に、だし汁あり＆鶏肉ありというレシピもしっかりとした味わいになるのでおすすめです。
おかわり必至！さば缶と梅干しの炊き込みご飯のレシピ/作り方：白ごはん.com	この炊き込みご飯はだし汁を使わず、さばの水煮缶と梅干しを使います（薬味として、好みで大葉やごまも）。まず、米2合を研いで炊飯器の内釜にセットし、1.5合弱分くらいの水を加え、30分〜1時間ほど置いて浸水させます（←後から缶の汁や調味料を加えるので、その分を考えてはじめに加える水を少なめにします）。
松茸ご飯のレシピ/作り方：白ごはん.com	はじめに、松茸ご飯に合わせるだし汁について。「昆布だしのみ」と「かつお＋昆布のだし」で食べ比べをしたことがあります。その結果、昆布だしのみで炊いたほうが松茸の風味をより楽しめると感じたので、このレシピでは昆布だしを使った作り方にしています。
昆布だしは、火にかけない水出しで十分なので（火入れしたものより上品ですっきりとした仕上がりにもなるので）、水300mlに対して4〜5㎝四方の昆布を1枚を合わせて、3時間ほど浸しておきます（昆布だしの基本も参考に）。
また、米は研いだ後に浸水させておくとよいです。※浸水時間は３０分〜１時間ほど。浸水させることで、米に火が通りやすくなり、ふっくら美味しく炊き上がります




昆布だしは、火にかけない水出しで十分なので（火入れしたものより上品ですっきりとした仕上がりにもなるので）、水300mlに対して4〜5㎝四方の昆布を1枚を合わせて、3時間ほど浸しておきます（昆布だしの基本も参考に）。また、米は研いだ後に浸水させておくとよいです。※浸水時間は３０分〜１時間ほど。浸水させることで、米に火が通りやすくなり、ふっくら美味しく炊き上がります
枝豆とひじきの梅ごはんのレシピ/作り方：白ごはん.com	この炊き込みご飯は、白ごはん.comの人気レシピ、「梅の炊き込みご飯」を具だくさんにアレンジしたものです。加えるのは「梅干し、水戻ししたひじき、生の枝豆」の3種の具材で、梅の風味と相性の良いだし汁を使って炊き込みます。また、はじめに、米は研いで浸水させておきます。浸水時間は３０分〜１時間ほど。浸水させることで、米に火が通りやすくなり、ふっくら美味しい炊き込みご飯となります！※浸水なしで研いだ米をざる上げして、そこにＡを加えて炊くこともできます。炊飯器の性能やコースなどによって変わってくるので、間違いなくふっくら炊けるようこのレシピでは事前に浸水する工程をとっています。ひじきは水戻ししておき、枝豆はさやから実を取り出します。そのままだと実を取り出しにくいので、熱湯で1分ゆでるか、600Wで1分～1分半ほど加熱するか、どちらかやりやすい方法で加熱して、冷めたら実を取り出しておきます。※枝豆の実の取り出し方は「枝豆ごはん」にて詳しく紹介しています！
大豆と豚バラ肉の炊き込みご飯のレシピ/作り方：白ごはん.com	大豆と豚肉のご飯を炊く前に、米は研いで浸水させておきます。※浸水時間は３０分〜１時間ほど。浸水させることで、米に火が通りやすくなってふっくら炊けます！また、大豆はドライパックの缶詰や袋製品（もしくは水煮でもOK）を用意し、豚バラ肉は1㎝幅に、生姜はせん切りにします。※浸水なしで研いだ米をざる上げして、そこにＡを加えて炊くこともできます。炊飯器の性能やコースなどによって変わってくるので、間違いなくふっくら炊けるよう、このレシピでは事前に浸水する工程をとっています。炊飯器で炊き込みご飯を炊く前に具材は一度炒めて、豚肉をほぐして生姜の風味を全体に移しておきます。まず、フライパンに豚肉と生姜を入れてから中火にかけます。箸で肉をほぐしながら火を通し、豚肉がほぐれてきたら塩ひとつまみ（分量外）で下味をつけます。そこに大豆を加えて、軽く炒め合わせれば炊く前の準備が完了です。
鯛めし（たいめし）のレシピ/作り方：白ごはん.com	鯛めしはいろんな作り方がありますが、白ごはん.comではいちばんシンプルな『切り身を漬けだれにつけて下味をつけてから鯛めしを炊く』というレシピを紹介します。まず、鯛の切り身をバットやボウルに入れて、Ａの調味料を合わせてから軽く混ぜ、漬けだれに30分ほど漬け込みます（時間がくれば引き上げておきます）。※下漬けに使ったAは後から鯛めしの味付けに使うので、捨てずに取っておきます！また、鯛の下ごしらえをするタイミングに合わせて、米は研いで浸水させておきます。※浸水時間は30分〜1時間ほど。浸水させることで、米に火が通りやすくなり、ふっくら美味しい鯛めしになります！※浸水なしで研いだ米をざる上げして、そこに調味料とだしを加えて炊くこともできます。炊飯器の性能やコースなどによって変わってくるので、間違いなくふっくら炊けるよう、このレシピでは事前に浸水する工程をとっています。
きのこご飯（炊き込みご飯）のレシピ/作り方：白ごはん.com	きのこご飯を炊く前に、米は研いで浸水させておきます。また、きのこは食べやすい大きさに切っておきます。
※浸水時間は３０分〜１時間ほど。浸水させることで、米に火が通りやすくなり、ふっくら美味しいきのこご飯になります！※浸水なしで研いだ米をざる上げして、そこにＡを加えて炊くこともできます。炊飯器の性能やコースなどによって変わってくるので、間違いなくふっくら炊けるよう、このレシピでは事前に浸水する工程をとっています。
牛肉の炊き込みご飯のレシピ/作り方：白ごはん.com	牛肉の炊き込みご飯は、特にだし汁を使わず、牛肉のうまみと生姜、にんにくの風味を合わせて作ります。まず、米を研いで炊飯器の内釜にセットし、1合分より少し多いくらいの水を加え、30分〜1時間ほど置いて浸水させます（←後から調味料を加えるので、その分を考えてはじめに加える水を少なめにします）。※牛肉は赤身と脂身のバランスのよいものを選ぶとよいです。また、浸水させることで、米に火が通りやすくなり、ふっくら美味しい炊き込みご飯になります！牛肉はご飯になじみやすいように1㎝幅に切り、生姜とにんにくはみじん切りにします。
鮎ごはん（鮎めし・鮎飯）のレシピ/作り方：白ごはん.com	はじめに、米を研いで炊飯器の内釜にセットし、1.5合分くらいの水を加え、30分〜1時間ほど置いて浸水させます（←後から調味料を加えるので、その分を考えてはじめに加える水は少なめに）。鮎は炊き込む前に塩焼きにするのですが、焼く前に簡単に下処理する必要があります。まず、ため水の中で鮎の表面のぬめりを軽く洗い落とし、続いて下の写真のように下腹の尾っぽ寄りにある肛門を、頭側から尾っぽ側に向かって軽くしごいてふんを出します（2～3度強くしごいて出てこなければOKです）。下ごしらえした鮎は薄く両面に塩を振ってから（塩は分量外）、魚焼きグリルで強火で焼きます。鮎は炊飯器の中でも加熱されるので１００％火を通す必要はなく、強火で焼いて表面に焼き色がつけばＯＫです。焼けたら取り出しておきます。
たけのこの香味炊き込みご飯のレシピ（牛肉や豚肉で！）：白ごはん.com	準備する材料は、ゆでたたけのこ、牛肉もしくは豚肉のこま切れ肉、にんにくです。にんにくが入ることで風味よく、一段と美味しくなるので、ぜひ加えてみてください。はじめに、炊き込みご飯を炊く前に、米3合は研いで浸水させておきます。※浸水時間は30分〜1時間ほど。浸水させることで、米に火が通りやすくなり、ふっくら美味しいたけのこご飯になります！また、ゆでたけのこは柔らかい穂先と硬い根元で切り方を変えるのがおすすめ。穂先は繊維にそって5㎜幅に縦に切り、根元は繊維を断つように5㎜幅のいちょう切りにします。また、にんにくはみじん切りに、牛肉や豚肉が大きければ食べやすく切っておきます。※浸水なしで研いだ米をざる上げして、そこにBを加えて炊くこともできます。炊飯器の性能やコースなどによって変わってくるので、間違いなくふっくら炊けるよう、このレシピでは事前に浸水する工程をとっています。炊飯器に合わせる牛肉（もしくは豚肉）は、内釜にセットする前ににんにくと炒めて風味を移し、下味をつけておきます。フライパンに油小さじ1/2とみじん切りのにんにくを入れて中火にかけ、油が熱くなれば肉を入れて箸でほぐし炒めます。肉の色が全体的に変わってきて火が通ってくれば、Aの調味料（醤油大さじ1、砂糖大さじ1/2）で下味をつけます。1分ほど箸で混ぜながらしっかりと火を通し、軽く煮詰め、最後にこしょうを全体にふりかければ下準備の完了です。
塩鮭で作る簡単炊き込みごはんのレシピ/作り方：白ごはん.com	このレシピは‟シンプルに塩鮭をごはんと一緒に炊き込むごはん”なのですが、塩鮭といってもいろいろあります。個々の商品によっても違ってくると思うのですが、塩鮭100〜120ｇ（大なら1切〜小2切）に対する調味料は辛口なら塩なし、中辛なら塩小さじ1/3、甘口なら塩小さじ2/3くらいを合わせるといいと思います（塩を加えるタイミングはこの下の工程で！）。まずは普通に2合の米を研いで、炊飯器の内釜に水を入れてセットして2合の目盛まで水を加えて浸水させます。※塩鮭の分量が変わってくれば自然と含まれる塩の分量も変わってくるので、心配なときは塩を少なめか、入れないで作って、炊きあがって味をみてから塩を足し入れてもOKです！夏場は30分、冬なら1時間を目安に米が真っ白になるまで浸水させたら、水大さじ1を抜き取って酒大さじ1を加えます。続けて、用意した鮭の塩加減に合わせて塩を加え（辛口なら塩なし、中辛なら塩小さじ1/3、甘口なら塩小さじ2/3）、混ぜ合わせます。そこに塩鮭をそのまま下処理も何もせずにのせて、せん切りにした生姜をちらして、炊く準備の完了です。
特別な材料なし！和風パエリアのレシピ/作り方：白ごはん.com	このパエリアは昆布だしで作るので、まずはじめに水出し昆布だしを作ります。
米３合炊く場合は、水６００mlに昆布５㎝角１枚を１時間以上（できれば３〜４時間くらい）前に入れておきます。
また、米は研いでからざる上げしてしっかり水気を切り、３０分ほどおいておきます。材料は、玉ねぎ、にんにくはみじん切りに、椎茸は軸を切り落として４〜５㎜幅に、れんこんは４〜５㎜幅のいちょう切りにします。
魚介類は用意できる好みのものを入れるのでＯＫですが、今回はあさり、イカ、えびの３種です。
あさりは砂出ししておき、イカは７〜８㎜幅の輪切り（げそがあれば２〜３本ごとに切り分けます）、えびは殻付きのまま背ワタを取り除き、鶏肉は皮ごと６〜７㎜幅のそぎ切りにします。
※殻付きえびを解凍した場合、水気を含んでいるのでキッチンペーパーなどでふき取っておくとよいです。※パエリアは少し固めに炊きあげたいので、研いだあとに浸水せず、ざる上げすることにします（ざる上げ途中にも穏やかに米が水を吸ってくれるので）
桜えびとじゃが芋の炊き込みご飯のレシピ/作り方：白ごはん.com	この炊き込みごはんのポイントは『二つの具材を一緒にはじめから炊き込むこと』。じゃがいもだけ、さくらえびだけの単品で炊き込みごはんにするのとはまったく違う豊かな味わいになってくれます！じゃがいもはほくほく食感の男爵芋がおすすめで、皮をむいて１㎝幅の半月切り（大きければいちょう切り）にして水にさっとさらし、ざる上げします。さくらえびは乾物のままそのまま炊き込みます。
ホタルイカの炊き込みごはんのレシピ/作り方：白ごはん.com	ホタルイカの炊き込みご飯は特にだし汁を使わず、ボイルしたホタルイカと生姜のみを使います。まず、米2合を研いで炊飯器の内釜にセットし、1.5合分くらいの水を加え、30分〜1時間ほど置いて浸水させます（←後から調味料を加えるので、その分を考えてはじめに加える水を少なめにします）。ホタルイカはご飯と食べるときに食感が悪くならないように、いくつかの下ごしらえが必要です。まず、必ずやったほうがよい下ごしらえはホタルイカの目を取り除くことです。骨抜きやピンセットを使って取ります。ここからの2つはやったほうがよい下ごしらえです（目ほど食感に違和感が出るものではないので必須ではありませんが）一つはホタルイカのくちを除くことで、ホタルイカの足の付け根にあるので指で軽く押し出すようにして、同じく骨抜きなどで取り除きます。もう一つはホタルイカの軟甲（なんこう）と呼ばれる透明な骨のようなものを除くことです。ホタルイカのひれがついている側にあるので、ひれの付け根あたりから身の中央に骨抜きをぐっと刺し込み、取り除きます。基本的にはすべてやったほうがいいですが、時間がなければ目だけでもOKです。生姜はせん切りにしておきます。
あさりご飯（炊き込み）のレシピ/作り方：白ごはん.com	あさりはスーパーで買ってきたものでも砂抜きをするとよいです。海水程度の塩水を作って数時間ほど砂出しをして、調理する前に貝同士をこすり合わせるようにして洗います。また、米は研いで浸水させておきます。※浸水時間は３０分〜１時間ほど。浸水させることで、米に火が通りやすくなり、ふっくら美味しいあさりご飯になります！※あさりの砂出しについては→『あさりの砂抜きのやり方』を参考にしてください！
栗ごはん（炊き込みご飯）のレシピ/作り方：白ごはん.com	はじめに、買ってきた栗はさっと洗ってから、40～50℃くらいの熱いお湯に20分以上（または水に2時間以上）浸けておきます。栗は好みの分量でよいので300～500gほど準備します。また、その間に2合の米を炊飯器の内釜などに入れて研いでおきましょう。研いだら水を何度か入れ替えて水気を切り、2合の目盛りに合わせて水を入れ、30分から1時間そのまま置いて浸水させておきます。※表面の硬い鬼皮が、水に浸しておくことで少しやわらかくなり、包丁で切ったり皮をむいたりがやりやすくなります。栗の皮をむく手順は、➀栗のおしり近くを包丁で切り落とす→②鬼皮を手でむく→③包丁で渋皮をむく、流れです（※詳しくは「栗の皮のむき方」を参考に）。皮をむいた栗は、順に水にさらしておきましょう。これは好みですが、栗を切らずに丸のまま炊き込めばゴロっと贅沢な仕上がりに。1つを3等分くらいに切れば食べやすい仕上がりになります。※3等分に切る場合は、栗を正面から見たときに、Tの字に包丁を入れるように切ると、およそ均一な大きさになると思います。2合に対して300gくらいの栗なら、細かく切ったほうが栗がいきわたるのでおすすめです。
ふきの炊き込みご飯のレシピ/作り方：白ごはん.com	材料は「茹でたふき、干し椎茸、鶏もも肉」です。鶏肉は炊き込みご飯用にカットされたもも肉を買ってくるか、皮ごと1㎝四方くらいに切ります。まず、干し椎茸は戻るのに時間がかかるため、事前に水100mlほどを加えて上にキッチンペーパーをかぶせ、水戻ししておきます。また、ご飯を炊く前に、米は研いで浸水させておきます。※浸水時間は３０分〜１時間ほど。浸水させることで、米に火が通りやすくなってふっくら炊けます！※浸水なしで研いだ米をざる上げして、そこに戻し汁や調味料を加えて炊くこともできます。炊飯器の性能やコースなどによって変わってくるので、間違いなくふっくら炊けるよう、このレシピでは事前に浸水する工程をとっています。また、メインの具材となるふきは茹でたら数日間保存できるので、自分で茹でる場合は事前に茹でておくと便利です。※『ふきの茹で方』に詳しくまとめています。手順としては、大きな鍋やフライパンの幅に合わせてふきを切り、たっぷりの塩をまぶして板ずりをしてから茹でます。茹で時間は3～5分です。茹でた後は両側から筋取りをして、水に浸けて冷蔵保存。この状態にしておけばいつでも料理に使えるようになります。茹でたふきはしっかりと水気を切って6～7㎜幅に、戻した干し椎茸は半分に切ってから4～5㎜幅に切ります（戻し汁は捨てずに取っておきます）。ご飯になじみやすいよう細かめに切った鶏肉は、生のまま炊き込むよりも熱湯をまわしかけて余分な臭みや脂を落とし、ざる上げしたら塩ひとつまみで軽くもんで下味をつける、このように下ごしらえしてから炊き込むのがおすすめです。
里芋の炊き込みご飯のレシピ/作り方：白ごはん.com	この里芋の炊き込みご飯には『煮干しだし』が非常に相性がよいです。だしがらも炊き込めるので、ぜひ煮干しだしで作ってみてください。煮干しだしは火を入れてだし取りしてもよいのですが、『水に対して１％の重さの煮干しと昆布を入れて、冷蔵庫で一晩置くだけ』、この方法が一番簡単です。※だしについての詳細は「煮干しだしの取り方」も参考にしてみてください。
たけのこご飯（炊き込みご飯）のレシピ/作り方：白ごはん.com	たけのこご飯を炊く前に、米は研いで浸水させておきます。※浸水時間は30分〜1時間ほど。浸水させることで、米に火が通りやすくなり、ふっくら美味しいたけのこご飯になります！また、ゆでたけのこは柔らかい穂先と硬い根元で切り方を変えるのがおすすめ。穂先は繊維にそって5㎜幅に縦に切り、根元は繊維を断つように5㎜幅のいちょう切りにします。※浸水なしで研いだ米をざる上げして、そこにAを加えて炊くこともできます。炊飯器の性能やコースなどによって変わってくるので、間違いなくふっくら炊けるよう、このレシピでは事前に浸水する工程をとっています。たけのこの具材感を出したいときは大きめに切るのがおすすめですが、ごはんになじむように細かく切っても美味しいです。穂先も根元も関係なく、半分に切ったものを1㎝弱ほどの格子状に切ってから炊き込んでください。そうすると具材が少し細かくなって、まんべんなくたけのこが味わえる良さも出ます。油あげは厚ければ厚みを半分にして、5～6㎜四方くらいのみじん切りにします。【時間があればお試しを！】
市販の水煮のたけのこでも作れますが、生のたけのこを家でゆでてから作ると、たけのこご飯の風味も格別に良いものに！ゆで方はこちらを参考に→『たけのこのゆで方』
桜えびと豆の炊き込みご飯のレシピ/作り方：白ごはん.com	えんどう豆はさやから出すと皮が少し硬くなってくるので、できればさや付きのものを購入するとよいです。2合炊くならさや付きで100ｇほどが目安。さやから取り出したら、さっと洗って水気を切ります。生姜は皮をむいてみじん切りにします。
みょうがの炊き込みご飯のレシピ/作り方：白ごはん.com	みょうがご飯を炊く前に、米は研いで浸水させておきます。※浸水時間は３０分〜１時間ほど。浸水させることで、米に火が通りやすくなり、ふっくら美味しいみょうがご飯になります！また、みょうがは縦半分に切ってから、繊維にそって縦にせん切りにします。薬味で生で食べるわけではないので少しくらい太めでもOKです。また、油あげは５㎜四方ほどの粗みじん切りにします。※浸水なしで研いだ米をざる上げして、そこにＡを加えて炊くこともできます。炊飯器の性能やコースなどによって変わってくるので、間違いなくふっくら炊けるよう、このレシピでは事前に浸水する工程をとっています。※油あげの油抜きはお好みで。上品な仕上がりにしたい場合は、油あげを切る前に熱湯をかけて油抜きするとよいです。
はまぐりご飯（炊き込み）のレシピ/作り方：白ごはん.com	はまぐりは砂だしをして、火にかける直前にしっかり洗って下準備をします。また、米は研いで浸水させておきます。※浸水時間は３０分〜１時間ほど。浸水させることで、米に火が通りやすくなり、ふっくら美味しいはまぐりご飯になります！※はまぐりの下処理は「はまぐりのお吸い物」も参照してください。鍋に分量の水、昆布、はまぐりを入れて、水から１０分くらいで沸くような弱い火加減でじっくり火を通します。途中アクが出てきたらすくい取ります。はまぐりは口が開いたものから順にざるなどに引き上げます（身が硬くなりすぎないように）。
鍋に残っただし汁はご飯を炊くときに加え、はまぐりの身はご飯を炊き終わったあとに加えます（だし汁は、粗熱が取れてから使ってください！）
貝柱とねぎの炊き込みごはんレシピ/作り方：白ごはん.com	干し貝柱はボウルに入れ、水300mlをそそいで一晩冷蔵庫に入れて戻します。戻った干し貝柱は身をほぐし、ねぎは青い部分も含めて小口切りにします（炊き込むのでねぎは多少太くてもOKです）。米2合を研いだあとにしっかり水気を切り、炊飯器の内釜に移します。それから干し貝柱の戻し汁を全量注ぎ入れ、30分〜1時間ほど浸水させます。
※米が白くなるまで浸水させることで、炊くときに芯まで火が通りやすくなり、ふっくら美味しい炊き込みご飯になります！
新生姜の炊き込みご飯のレシピ/作り方：白ごはん.com	新生姜ご飯を炊く前に、米は研いで浸水させておきます。※浸水時間は３０分〜１時間ほど。浸水させることで、米に火が通りやすくなり、ふっくら美味しい炊き込みご飯になります！また、新生姜は洗って汚れを落とし、汚れが気になる部分があればスプーンでさらにこそげ落とします。それから、４〜５㎝長さの細いせん切りにして一度水にさらします。油あげは５㎜四方ほどの粗みじん切りにします。※浸水なしで研いだ米をざる上げして、そこにＡを加えて炊くこともできます。炊飯器の性能やコースなどによって変わってくるので、間違いなくふっくら炊けるよう、このレシピでは事前に浸水する工程をとっています。※油あげの油抜きはお好みで。上品な仕上がりにしたい場合は、油あげを切る前に熱湯をかけて油抜きするとよいです。
冬野菜の五目炊き込みごはんのレシピ/作り方：白ごはん.com	この冬野菜たっぷりの炊き込みご飯には『煮干しだし』がぴったりです。煮干しだしは火を入れてだし取りしてもよいのですが、『水に対して１％の重さの煮干しと昆布を入れて、冷蔵庫で一晩置くだけ』、
この方法が一番簡単で、しかも煮干しのクセが出すぎない上品なだしになります→詳しい煮干しだしの取り方はこちらから
だしブレンドrecipe/生姜のだし炊き込みご飯：白ごはん.com	はじめに2合の米は、炊飯器の内釜などに入れて研ぎます。水を何度か入れ替えたのち、2合の目盛りにきっちり合わせて水を入れ、30分から1時間そのまま置いて浸水させます。また、浸水を待つ間に生姜をせん切りにします。ひね生姜でも新生姜でもどちらでも美味しいです（ひね生姜のほうが多少ピリリとした辛味が出ます）。※浸水なしで研いだ米をざる上げして、そこにＡを加えて炊くこともできます。炊飯器の性能やコースなどによって変わってくるので、よりふっくら炊けるようこのレシピでは事前に浸水する工程をとっています。もち米を入れても美味しいので、下の補足もぜひ参考に。米が白濁して水を吸ったら、Aの調味料をすべて加えます。※2合の目盛りに合わせた水に足し入れるので、水加減は多くなりますが、だしブレンドが水を吸うのでちょうどよい炊きあがりになってくれます。手でやさしくかき混ぜて、調味料を溶かし、そこにだしブレンド大さじ1と1/2、生姜のせん切りを加えます。※白ごはん.comには「新生姜の炊き込みご飯」があるのでそれに近いレシピですが、だしブレンドをじかに入れることで、炊飯とだし取りを同時に行える手軽さアップのメリット、だしブレドが炊きあがれば具材感が出てくれるメリットがあると思います。炊飯器に内釜をセットします。浸水しているので普通コースで炊いてOKです。※工程①での米を浸水させる時間が取れないときは、研いですぐの米と具材を上のようにセットして、炊き込みご飯コースで炊いてください。底から全体をさっくりと混ぜ合わせて完成です。
だしブレンドrecipe/ねぎのだし炊き込みご飯：白ごはん.com	はじめに2合の米は、炊飯器の内釜などに入れて研ぎます。水を何度か入れ替えたのち、2合の目盛りにきっちり合わせて水を入れ、30分から1時間そのまま置いて浸水させます。※浸水なしで研いだ米をざる上げして、そこにＡを加えて炊くこともできます。炊飯器の性能やコースなどによって変わってくるので、よりふっくら炊けるようこのレシピでは事前に浸水する工程をとっています。もち米を入れても美味しいので、下の補足もぜひ参考に。長ねぎは根元を切り落として、1.5㎝幅ほどに切ります。切ったものは入れるタイミングが異なるので白い部分と青い部分に分けておきます。米が白濁して水を吸ったら、Aの調味料をすべて加えます。※2合の目盛りに合わせた水に足し入れるので、水加減は多くなりますが、だしブレンドが水を吸うのでちょうどよい炊きあがりになってくれます。手でやさしくかき混ぜて、調味料を溶かし、そこにだしブレンド大さじ1と1/2、ねぎの白い部分を加えます。※白ごはん.comには「ねぎの炊き込みご飯」があるのでそれに近いレシピですが、だしブレンドをじかに入れることで、炊飯とだし取りを同時に行える手軽さアップのメリット、だしブレドが炊きあがれば具材感が出てくれるメリットがあると思います。炊飯器に内釜をセットします。浸水しているので普通コースで炊いてOKです。炊きあがってすぐにねぎの青い部分を入れ、蓋をして10分ほど蒸らします。※工程①での米を浸水させる時間が取れないときは、研いですぐの米と具材を上のようにセットして、炊き込みご飯コースで炊いてください。ねぎの青い部分に火が通れば、底から全体をさっくりと混ぜ合わせて完成です。
だしブレンドrecipe/梅のだし炊き込みご飯：白ごはん.com	はじめに2合の米は、炊飯器の内釜などに入れて研ぎます。水を何度か入れ替えたのち、2合の目盛りにきっちり合わせて水を入れ、30分から1時間そのまま置いて浸水させます。※浸水なしで研いだ米をざる上げして、そこにＡを加えて炊くこともできます。炊飯器の性能やコースなどによって変わってくるので、よりふっくら炊けるようこのレシピでは事前に浸水する工程をとっています。もち米を入れても美味しいので、下の補足もぜひ参考に。米が白濁して水を吸ったら、Aの調味料をすべて加えます。※2合の目盛りに合わせた水に足し入れるので、水加減は多くなりますが、だしブレンドが水を吸うのでちょうどよい炊きあがりになってくれます。手でやさしくかき混ぜて、調味料を溶かし、そこにだしブレンド大さじ1と1/2、梅干し2～3個を加えます。※白ごはん.comには「梅の炊き込みご飯」があるのでそれに近いレシピですが、だしブレンドをじかに入れることで、炊飯とだし取りを同時に行える手軽さアップのメリット、だしブレドが炊きあがれば具材感が出てくれるメリットがあると思います。炊飯器に内釜をセットします。浸水しているので普通コースで炊いてOKです。炊きあがったら梅干しの種だけ取り除きます。※工程①での米を浸水させる時間が取れないときは、研いですぐの米と具材を上のようにセットして、炊き込みご飯コースで炊いてください。底から全体をさっくりと混ぜ合わせて完成です。
鮭の漬け焼きは【冷凍ストック＆オーブンで焼く】がやりやすい！：白ごはん.com	まず、鮭は秋に出まわる「国産の生鮭」でも「国産や海外産のサーモン」でもどちらでもOKです。写真のように、切り身になっていない塊の状態がいちばん買い求めやすい値段なことが多いので、行きつけのところで探したり、お願いして用意してもらったりしてください。※もちろん、もし切り身の状態で安ければそれを購入しても！買ってきた鮭の塊は、皮を下にしてまな板に置きます。はじめに、鮭の真ん中（腹側と背側の中央）に包丁を入れて半分に切ります。半分に切ったものを1.5㎝幅ほどを目安に、食べやすい小ぶりなサイズに切り分けます。※はじめに半分に切った方が、切り分けやすく、弁当などに入れやすいと思います。大きなままの状態がよいなら、塊をそのまま1切れずつに切り分けてください。切り身をまな板の上に広げたまま（※室温が高い夏場などはバットに移し、塩をなじませるあいだ冷蔵庫に移動できるようにして）、両面に塩を振ります（鮭300gなら塩小さじ1/4、600gなら塩小さじ1/2をまんべんなく）。塩をなじませる時間は【30分】です。時間がきたら表面に出た水分をキッチンペーパーなどで軽くぬぐい取りましょう。
さつまいもの塩きんぴらのレシピ/作り方：白ごはん.com	さつまいもは特に水にさらさずに、切ったあとにすぐに炒め始めるので、切る前に、大さじ1の油をフライパンに入れて弱火で加熱しておきます。※油大さじ1は「油多いな」と思われるかもしれませんが、多めの油で炒めることでコクが出て美味しく仕上がります！さつまいもは両端を切り落とし、皮ごと縦半分に切ります。それを端から5～6㎜幅の半月切りにします（太ければいちょう切りにしてもOK）。※このレシピはさつまいも300gを基準としています。さつまいもは1本あたりの大きさにバラつきがあるので、必要に応じて調整してください。
八宝菜のレシピ/作り方：白ごはん.com	にんじんは短冊切りに、椎茸は軸を落として5～6㎜幅ほどに切り、生姜は皮をむいて粗みじん切りにします。また、長ねぎは斜め薄切りに、ピーマンはヘタと種を除いて乱切りにします。白菜は300ｇほど使います（これで約1/8株）。芯を切り落として、厚みのある茎は2～3㎝幅に、その他の部分は3～4㎝幅に切ります。※炒める時に投入するタイミングが違うので、「火の通りにくい茎の部分」と「火の通りやすい葉の部分」をおおまかに分けておき、それぞれざるに入れるなどして洗ってから水気を切っておきます。むきえびは水で洗ってしっかり水気を切っておきます。豚こま切れ肉は大きければ食べやすい大きさに切り、うずらも必要があれば自分で茹でておきましょう（茹で時間等は下記参照）。また、炒めはじめる前に、Aの調味料（みりん大さじ2、醤油小さじ2、塩小さじ1/3、水大さじ5）とBの水溶き片栗粉（片栗粉小さじ2、水大さじ1と1/2）を合わせておくとスムーズです。八宝菜は自由度の高いおかずなので、好みのもの、用意できるものでアレンジして作ってみてください！白菜をキャベツに、長ねぎを玉ねぎに、椎茸を他のキノコ類に置き換えたりしてもOKで、豚肉の代わりにイカを加えて肉ナシで作っても◎。きくらげを追加しても色味も食感も良くなるのでおすすめです。また、うずらは水煮を購入するのと、自分で茹でる2通りがありますが、自分で茹でたほうが、風味も食感も良いので、余裕があればぜひ自分で茹でてみてください。下のように、うずらの卵が少しかぶるくらいの水を入れて火にかけ、沸いたら1分ほど箸で混ぜ、計3分茹でてから冷水につけて冷まします。→詳しくはこちらも参考に
定番の人気おかず！豚バラ大根のレシピ/作り方：白ごはん.com	用意するものは大根、豚バラ肉（薄切り）、生姜で、大根600ｇに対して豚バラ肉は150ｇほどでOKです。煮物にする大根は皮近くにある筋をむき取った方が口当たりがよいので、大根は包丁やピーラーで皮を厚めにむき取ります。皮をむいた大根は2㎝幅ほどの半月切りにします（先端側は火が通りやすいので3㎝幅ほどにしています）。豚バラ肉は3～4㎝幅に、生姜は皮をむいてせん切りにします。
カキフライのレシピ/作り方：白ごはん.com	スーパーでむき身のカキを購入した場合でも、カキフライにする前に、塩水で下ごしらえを行うとよいです。小さめのボウルに水と塩ティースプーン山盛り1～2杯（分量外）を合わせて塩水を作ります。その塩水の中でカキを一つずつふり洗いし、表面とひだの中のよごれやぬめりを落とします。※時間のないときは、塩水をたっぷりめに作り、ザルごと塩水に浸け、やさしく手で混ぜて洗ってもOKです。洗ったカキは水気を軽く切り、キッチンペーパーなどの上に広げていくようにします。すべて洗ったあとにも、上からキッチンペーパーなどで軽く押さえ、ひだの中の水気も軽く吸い取るようにしましょう。また、揚げたてを食べたほうが美味しいので、カキフライに合わせる【レモンのくし切り、せん切りキャベツ等の野菜、タルタルソース】なども好みで揚げる前に用意しておきます。特に手作りのタルタルソースはカキフライと相性がよいのでぜひ合わせてみてください。
ほうれん草のナムルのレシピ/作り方：白ごはん.com	ほうれん草のナムルはゆでたほうれん草、ごま油、醤油というシンプルな組み合わせで、美味しく作れます。まず、ほうれん草をゆでます。※『ほうれん草のゆで方』も参考に！ほうれん草は根元に切り込みを入れて洗い、ティースプーン山盛り1杯の塩を加えた熱湯でゆでます（茎を先に30秒ほどゆで、続けて全体を落として30～45秒ほどを目安に）。冷水に落としてから、切る前に水気をしぼってまな板に移し、4～5㎝幅に切ります。味付け前の一つのポイントとしては、ほうれん草を切った後にも、必ず水気をもう一度しぼることです。それをボウルに移してください。
鮭の照り焼きのレシピ/作り方：白ごはん.com	鮭の照り焼きは、粉を付ける前に薄く塩をして10分おくと、生臭さなく仕上がります。塩をなじませたら、こしょう少々を全体にかけ、それから小麦粉をまぶします（鮭2切に対して小麦粉大さじ1～1強くらいが目安）。※こしょうをふる前、鮭の表面が少しぬれている程度なら、水気をふき取らずにこしょうでOKです。もし、水気が多く出ていれば、キッチンペーパーなどで水気をふき取ってからこしょうをふりかけてください。小麦粉はいったん鮭全体にしっかりと付け、それから刷毛や手で軽くはたき、余分な粉を除き、薄く粉をまぶした状態にするとよいです。また、鮭の下ごしらえを行っている間に、ブロッコリーを熱湯で1分ほど固ゆでして、ざる上げして水気を切っておきます。
失敗しらずな豚の角煮のレシピ/作り方：白ごはん.com	豚バラ肉の塊は、購入するときに脂身が多すぎず、脂と身のバランスがよいものを選ぶとよいです。それを4㎝角ほどに切ります。続いて、できるだけ大きな鍋に米のとぎ汁を用意して、切った豚肉を入れて下準備の完了です。※米のとぎ汁は、米を研いではじめに出る濃いとぎ汁を必ず入れてください。米のとぎ汁で豚肉をゆでることで、肉の臭みが抑えられ、仕上がりがぐっと美味しくなります！また、生姜と（好みで）ゆで玉子を用意しておきます。これは下ゆで後に使うので、用意できるタイミングで切ったりゆでたりしておきましょう。※ちなみに、ゆで玉子は冷蔵庫から出したての卵を熱湯にそっと入れ、9〜10分ゆでたら水に取ると写真くらいの黄身の加減になると思います（参考まで）。
ぶりの照り焼きのレシピ/作り方：白ごはん.com	白ごはん.comのぶりの照り焼きは『下漬けアリ』『小麦粉ナシ』『フライパンで作る』レシピです。まず、バットにAの調味料（しょうゆ・酒・みりんが各大さじ1と1/2、砂糖大さじ1/2）を加えて溶かし混ぜ、ぶりの切り身を並べます。ぶりの切り身を漬け込む時間は30分。途中2〜3回上下を返して、味を均一にしみ込ませます。※下漬けをすることで、ぶりの身にもたれの味がしみ込んでくれます（脂の入り方で若干変わってきます）。また、ぶりの照り焼きは長ねぎをたっぷりめに合わせるのがおすすめです。ねぎの風味が移って、香りよく仕上がります。長ねぎは4〜5㎝幅に切り分け、味のしみ込みと食べやすさを良くする目的で、包丁で片側に浅く5〜6本ほど切り込みを入れておきます。
さばの味噌煮のレシピ/作り方：白ごはん.com	はじめに簡単にさばの味噌煮のポイントをまとめます。
①さばの切り身の選び方　できれば“中骨付き”を購入して味わいup！
②切り身の下処理　煮付ける前に霜降りするのがおすすめ！
③酒をたっぷりと使って　臭み消しの役割を持つ酒の分量もポイント！
④煮詰める前に一度冷まして　ほどよくさばの身に味をしみ込ませて！
なすの煮びたし/揚げずに作る簡単レシピ/作り方：白ごはん.com	なすの煮びたしは、味の染み込みをよくし、箸や口で皮を割きやすくするために、皮に切り込みを入れるとよいです。ヘタを切り落として縦半分に切り、皮に2〜3mm間隔で浅く切り込みを入れます。次にフライパンの底面に皮が当たりやすくするために、さらに縦半分に切ります。切ったなすは順に水につけてアクを抜きます（炒める前に取り出して、キッチンペーパーなどで水気をふき取ります）。※切り込みを入れる作業もあって時間がかかるため、なすを水にさらす作り方で紹介しています。ただ、手早くなすを切って（切り込みも入れ）すぐに炒めることができるなら、水にさらす工程は省いてもOKです。水気だけはしっかりふき取りましょう。なすの煮びたしには生姜の風味がぴったりなので、生姜は皮ごと包丁の腹の部分で軽くつぶして使います。また、Aのだし汁250mlと調味料（しょうゆ大さじ3、みりん大さじ2と1/3、砂糖小さじ2）は、なすを炒める前にカップなどに合わせておいても。
鮭のホイル焼き/フライパンでの簡単レシピ作り方：白ごはん.com	はじめに、鮭の切り身に1切れに対して塩ひとつまみずつ（分量外）を薄く全体にふりかけて、5～10分ほど置いておきます。塩をなじませる間に、野菜を準備します。えのきとしめじは石付きを切り落とし、にんじんは細めのせん切りにします。※にんじんは太い棒状だと火が通りにくいので、できるだけマッチ棒くらいの細さに近づけて切ってみてください。
さば缶で手軽に！さば大根の煮物のレシピ/作り方：白ごはん.com	さば大根は、【さばの水煮缶１つ＋大根1/2本ほど】で作る甘辛な煮物レシピです。大根は洗って1.5㎝幅の輪切りにして、皮を厚めにむき取ります。それを半分に切って半月切りにします。
※このくらいのサイズが火も通しやすく、食べ応えのバランスもいいと思います。大根は皮の内側にスジっぽい部分があることがあるため、煮物では特に『皮を厚くむいて』から煮る工程が多いです。ただ、たいていの大根はそんなにスジっぽいわけではないため、皮をむかず、皮ごとで作ってみるのもいいかと思います。皮をむかないことで多少味のしみ込みは悪くなりますが、下ごしらえがより手軽になるので作りやすさはアップします（後の工程は何も変わりません）。まれにスジっぽい大根もあるので、心配なら一度みそ汁などに皮ごと事前に使ってみて確認しておき、皮むきを好みで省いてみてください！
餃子のレシピ（白菜でもキャベツでも！）：白ごはん.com	はじめにひき肉と野菜の割合から。豚ひき肉125gにキャベツ（または白菜）300gを合わせるバランスで、十分食べ応えのある餃子に仕上がります。この餃子のレシピでは、野菜はキャベツでも白菜でもどちらでも美味しく作ることができるので、用意しやすいもので作ってみてください。※傾向としてはキャベツはシャキっと野菜感が出て、白菜はみずみずしく仕上がり、野菜とタネがなじむ感じになると思います。キャベツは汚れた外葉と芯を外して（白菜なら根元の土を洗い）、端から少し太めのせん切り→90度回転させて同じくらいの幅に切り、粗めの4～5㎜四方に切ります。粗く切った状態だと大きいものが混ざるので、また板の上に広げ、端からもう少し均一にする気持ちで、細かめに切ります。どのくらいまで細かく切るかですが、下の写真の間に収まるくらいに切るようにしてみてください。細かめに切るとタネとのなじみがいいですし、後の写真くらい大きめのものが残っていると野菜感がアップします。
白菜のうま煮のレシピ/作り方：白ごはん.com	用意する材料は白菜、豚バラ肉、にんじん、椎茸、生姜。※だし汁や顆粒スープの素などは必要ありません！にんじんは短冊切りに、椎茸は軸を落として5～6㎜幅ほどに切り、生姜は皮をむいて粗みじん切り、豚肉は1㎝幅に切ります。白菜は300ｇほど使います（これで約1/8株）。芯を切り落として、厚みのある茎は2～3㎝幅に、その他の部分は3～4㎝幅に切ります。※炒める時に投入するタイミングが違うので、「火の通りにくい茎の部分」と「火の通りやすい葉の部分」をおおまかに分けておき、それぞれざるに入れるなどして洗ってから水気を切っておきます。
基本のマカロニグラタンのレシピ/作り方：白ごはん.com	用意するメインの材料は、マカロニ、牛乳、鶏もも肉、玉ねぎ、椎茸で、バター、小麦粉、塩、こしょうも使用します。※椎茸はなしでも作れますし、しめじやマッシュルームなどでも。きのこ系が入っていた方が食感と香りがよいので、ぜひ入れて作ってみてください。鶏肉等の代用については下記補足に。椎茸は軸を切り落として2～3㎜幅に、玉ねぎも同じく2～3㎜幅に切ります。マカロニは鍋にお湯を沸かしてティースプーン1杯ほどの塩（分量外）を加え、袋の表示時間通りにゆでてざる上げしておきます。※鶏肉は炊き込みご飯用1㎝角ほどのカット済みのもの買えればそれでOKです。自分で切る場合も1㎝角を目安にしてください。※ゆで上げたマカロニは、好みで少量の油をまぶしておいても。後工程でくっつかずに混ぜやすくなります（油なしの場合でも後工程で良くほぐせば大丈夫です）
作りやすく野菜もうまい！肉豆腐のレシピ/作り方：白ごはん.com	この肉豆腐は26㎝ほどのフライパンで作る工程で紹介しています。フライパンの体積を考えると木綿豆腐１と1/2丁くらいがちょうどよいので、半端ですが一度上記分量で作ってみてください。はじめに木綿豆腐は1丁を8等分ほどに切って、キッチンペーパーの上にしばらく置いて水を吸わせます。水気を切ることで煮汁が水っぽくなったりせず、味もしみ込みやすくなります。置く時間は10分ほどでOKです。※木綿豆腐の水切りをする時間がないときは、より水気が少ない「焼き豆腐」を買ってきて作っても。玉ねぎは10～12等分ほどのくし切りにします。椎茸は軸を切り落として半分に、えのき茸は石づきを切り落として食べやすい大きさに手で割いておきます。
半熟煮卵のレシピ（覚えやすい黄金比のたれで）：白ごはん.com	はじめにゆで卵を作ります。固ゆでなら特に気にしなくてOKですが、半熟にしたい場合は、冷蔵庫から出したての卵を、沸騰した湯にそっと入れて「7～8分」ゆでるとよいです（※「ゆで卵の時間ごとのまとめ」も参考に！）7分ゆでで上の仕上がりの写真くらいの【黄身の中央がとろりとたれるような仕上がり】となります。※卵を好みの分数ゆでた後は、すぐに冷水に取ると余熱で黄身に火が通りすぎることを防ぐことができます。
簡単うまい！いかと里芋の煮物のレシピ/作り方：白ごはん.com	いかは筒切りになったものを購入すればOKですが、自分でさばく場合は「いかのさばき方」も参考に。胴の中をしっかり洗って、水気を切ったら皮ごと1㎝幅に切ります（エンペラ部分もすべて）。また、げそは短い足にそろえるように長い足2本の先端を切り落とし、塩でこすって吸盤を落としたら2〜3本単位に切り分けます。里芋は洗って土を落としたら、里芋の形に添って、できるだけ薄く皮をむきます。※「里芋の煮物」にも詳しくまとめています。里芋の煮物では形をできるだけ残してたゴロっとした煮っ転がしにしましたが、いかと煮るときはどちらかというと味が染みやすいよう、大きい里芋は迷わず2〜3等分にするくらいの気持ちで、大きさをそろえるとよいです。
豚の生姜焼きのレシピ/作り方：白ごはん.com	豚肉は厚みのある生姜焼き用を2人分で200ｇほど使います。それに対する生姜の分量は下の写真くらいのサイズ。20〜30ｇほどあれば生姜の風味もしっかり出ます。肉ははじめに筋切りをします。まな板の上に豚肉を1枚ずつ広げ、赤身と脂肪の間に筋があるので、1㎝間隔くらいで包丁の切っ先を筋に刺して、断ち切ります（片面は丁寧に、裏面は大きな筋に包丁を入れるくらいでOKです）。
基本の茶碗蒸しの作り方/レシピ：白ごはん.com	茶碗蒸しの基本となる分量は『卵2個、だし汁300ml、醤油小さじ2、塩小さじ1/5』です（卵3個の分量は下の補足にまとめています）。具は『鶏もも肉、椎茸、かまぼこ、三つ葉』がいちばんシンプルな組み合わせだと思うので、今回はその具で作ります。椎茸は軸を切り落として4〜6等分に切り、かまぼこは食べやすい大きさのいちょう切りに、三つ葉は1〜2㎝幅に切ります。鶏肉は炊き込みご飯用に1㎝角ほどにカットされたものを購入してもOKで、大きければ1～1.5㎝角に切ります。茶碗蒸しはやさしい味わいなので、鶏肉を容器に入れて、熱湯をかけて霜降りするのがおすすめ。これで余分な脂や鶏の臭みを除けます。お湯を切ってから塩ひとつまみ（分量外）をふりかけて下味をつけておきましょう。※基本の具をベースに、かまぼこを塩ゆでしたえびに代えたり、椎茸をしめじに代えたり、塩ゆでした銀杏やユリ根などを加えても美味しいです。具だくさん茶碗蒸しでいろいろ紹介しています！
ピーマンの肉詰めのレシピ/作り方：白ごはん.com	はじめにピーマンの下ごしらえを行います（※肉だねを作ったら、手を洗わずにそのままピーマンにたねを詰める流れとなります）。ピーマンは洗って縦半分に切り、内側の“種とヘタの境目”に包丁で切り込みを入れて、種とワタを取り除きます。※種とワタを取り終えたあと、中にまだ種が残っている場合は、指で軽く外側から弾くと種を内側から取り除けます。切ったあとのピーマンは洗わずにバットなどに並べ、小麦粉を茶漉しなどを通して全体に薄くふります。ここまで準備できれば、肉だねに合わせる玉ねぎをみじん切りにし、肉だねに必要な調味料も準備しておきましょう。ここから肉だねを作ります。ボウルに合いびき肉と切った玉ねぎ、Aの調味料をすべて加えてしっかり練り混ぜます。調味料が均一に混ざって肉だねができたら、たねを混ぜた手でそのままピーマンに詰めていきます。肉だねをしっかり押さえて隅々まで詰め、少しこんもりとするくらいにするとよいです。
だしなし簡単！肉じゃがの基本レシピ作り方：白ごはん.com	白ごはん.comの肉じゃがレシピは、だし汁なしで、【牛肉、じゃが芋、玉ねぎ、糸こんにゃく、絹さや】を具に作ります。※好みでにんじんを追加しても美味しいですが、だしなしレシピなのでにんじんを加える場合は、少し小さめに切るのがおすすめです（下記補足も参考に）じゃが芋は皮をむいて、3～4㎝角ほどの大きさに切り、玉ねぎは半分に切ってから6等分のくし切りにします。※じゃが芋は、煮込んで味がなじみやすいので“男爵芋”がおすすめです。糸こんにゃくは長さを半分から1/3に切って、熱湯でさっと下ゆでしてざる上げします。また、絹さやは洗って筋を取っておきます。最後になりましたが、牛肉は、こま切れや切り落としなどの購入しやすいものでいいと思います。ただ、脂身が多すぎたり、脂身が全くなかったりするものは避け、脂身を適度に含んだものが肉じゃがにはおすすめです。これで具材の準備は完了です。
ゴーヤチャンプルーのレシピ/作り方：白ごはん.com	ゴーヤチャンプルには崩れにくい木綿豆腐がおすすめですが、その下ごしらえとして、キッチンペーパーや布巾などに豆腐を包んで、1時間ほど重しをして水切りをします。（夏場は冷蔵庫に入れるなどしておき）手でちぎることができるくらいまで、豆腐の水気を切るようにしてください（豆腐は適当な大きさにちぎっておきます）。※豆腐の水切りは「豆腐の水切りについて」も参考に。ゴーヤはヘタを切り落として縦半分に切り、タネとワタを除いて5㎜幅ほどに切ります。ボウルに移してAの調味料（砂糖小さじ1、塩小さじ1/4）を苦み取りの下処理として加えて箸で混ぜ、5分ほど味をなじませます。※ゴーヤの下ごしらえは「ゴーヤの苦み取りのやり方」にも詳しくまとめています。
鶏そぼろのレシピ/作り方：白ごはん.com	まず、鶏ひき肉とAの調味料（醤油大さじ3、砂糖大さじ3～4、酒大さじ1）を火にかける前に鍋に合わせます。※砂糖は砂糖大さじ4ならしっかり甘め、大さじ3でも甘めな仕上がり。甘さを控えたい場合は、好みで大さじ2まで減らしても。火にかける前に、箸4～5本を使って（手に持ち）、ひき肉にダマがなくなるまで混ぜ合わせます。
厚揚げの煮物（甘辛煮）のレシピ/作り方：白ごはん.com	厚揚げは２〜３cm角の食べやすい大きさに、青ねぎは斜めに1㎝幅に切っておきます。また、生姜はしぼり汁を小さじ1/2ほど使うので、少量を皮ごとすりおろしてしぼり汁の状態にしておきましょう。
おいしい枝豆のゆで方/ゆで時間：白ごはん.com	枝豆をスーパーで購入するときは、豆がしっかり詰まっていて、採れたてのみずみずしさがあるものを選ぶとよいです。また、枝豆をゆでる時に大切なのが塩の分量。塩は「ゆでる水に対して4％の塩加減」が目安。※今回は水1Ｌでゆでるので塩40g、けっこう多めです。※塩をはからずにゆでると塩気が薄くなりがちなので、はじめのうちはきちんとはかってみるとよいと思います。※塩40ｇはさらさらした塩なら大さじ2と1/3なので、水1Lくらいに塩大さじ2と覚えておくとよいです。まず、枝豆はゆでる前の下ごしらえで先端部分をはさみで少し切り落とすとよいです。これは水まわりをよくし、塩味ものりやすくしてくれます。※もし時間があれば、片方だけではなく、枝豆の両端を少し切り落としてもOKです。
あじの塩焼きのレシピ/作り方：白ごはん.com	あじは“ぜいご”と呼ばれる特有のかたいうろこがあるので、包丁で取り除きます。尾のつけ根のぜいごの下に、寝かせるようにして包丁を入れ、上下に小刻みに動かしてぜいごをそぎ取ります。裏側も同様にします。※身の中央あたりで大きなぜいごはなくなりますが、そのまま身に軽く包丁を押しつけるように包丁を動かし続けると 頭の方まで続くぜいごを取ることができます。続いて、腹のワタを取り除くために、2つある腹びれの真ん中を通るように包丁を入れ、後から内臓を取り出したり、洗ったりしやすいよう、おしりの部分まで切り込みを入れておきます。※今回はやりやすさ優先で腹に切り込みを入れる箇所を上のようにしています。盛り付け時に見えないようにするやり方は下の吹き出しにて！（後から包丁はまた使うので、まな板の上に置いておき）次は、あじのエラを取り除きます。エラぶたの中に指を入れ、赤いひだ状のエラに指を引っ掛けて、グイッと引っ張ってちぎり取ります。この後にお腹の中を流水で洗うのですが、その時にしっかり洗えるよう、まな板の上で包丁を使って内臓をかき出し、お腹の中の中骨に沿うようにある血合いにも、包丁の切っ先で切り込みを入れておきます。あじが大きくて指で引っ掛けてもエラが取りづらい（もしくは指を使った作業を少しでも減らしたい）場合は、エラぶたを大きく開いて、エラの上下を包丁で切り離してから作業を行うとよいです。また、こだわってやる場合は、腹への切り込みを、盛り付けたときに見えない箇所に行う、そんなやり方もあります。あじは盛り付けるときに左を頭にするので、裏側になる方を上にして（頭を右にして）、腹びれの1㎝くらい上の位置に、5㎝長さで切り込みを入れます。そうすると、焼いてもお腹が破けたりしづらく、盛り付ける側もきれいに仕上がります（半面、お腹の中を洗う作業はやりづらくなるのでそこだけ注意が必要です）。
すき焼きのレシピ（おすすめ具材や割り下の味付けまで）：白ごはん.com	まず、すき焼きの割り下を手作りする場合のレシピをまとめます。市販品を使う場合はもちろんそれでOKです。鍋にAの調味料をすべて合わせ、火にかけて一度沸騰させます。一度しっかり沸騰したらアクを軽くすくい取って火を止めます。これで割り下の完成です。また、すき焼きを作る時に汁気が煮詰まって味が濃くなる時があります。それを薄めるのには「昆布だしで薄める」もしくは「水と酒で薄める」のどちらかでいいと思います。※昆布だしを使う場合は、30分前くらいから水に昆布1切れを沈めておき、水出し昆布だしを作っておきましょう（昆布だしは鍋の味調整をする際に味が薄くなりすぎることがないのでおすすめ）。また、水＆酒の場合は、酒だけだと甘くなってしまうので水と酒を同割くらいで併用するとよいです。
簡単！やみつきキャベツのレシピ/作り方：白ごはん.com	白ごはん.comのやみつきキャベツはおろしにんにく、ごま油、塩昆布、ごまを使って作ります。※おろしにんにくはチューブのもので十分で、大豆くらいの大きさ（チューブでは1㎝弱ほど）をプラスすることで、味にパンチが出てくれて、生のキャベツの青臭さも消してくれます。まずはじめに、ボウルにAの調味料（おろしにんにく、ごま油、醤油、塩）をすべて入れ、混ぜ合わせます。※キャベツが先ではなく、調味料だけを先に混ぜたほうが、まんべんなく味がいきわたると思います。
ひじきと打ち豆の煮物のレシピ/作り方：白ごはん.com	ひじきはたっぷりの水に入れ、30分ほどを目安に水戻しします。ひじきがふっくらと戻ればざるに上げます。にんじんは4〜5cm長さの少し太めのせん切りに切ります。※ひじきの種類は長ひじきでも芽ひじきでもどちらでもOKです。ただ、戻して長ければざる上げした後に食べやすい長さに切ってください。
豆腐そぼろのレシピ/作り方：白ごはん.com	豆腐そぼろは【木綿豆腐】を使って作ります。また、生姜と長ねぎの大きさは下の写真も参考に用意してください。豆腐そぼろは【豆腐の水気を飛ばしてから味付けする】ことがポイントになるので、はじめにレンジ加熱で水切りをします。平らな耐熱用の器に豆腐を大きくちぎって並べ、600Wで3分加熱してください。※重石をして水切りも出来ます。そのやり方はこちらのページを参考に、重石をして1時間ほど水切りを。レンジ加熱が終われば、お皿の底に水がたまっている状態になります。この水気を捨てて、次の工程からフライパンで豆腐を炒めていきます。また、レンジ加熱をしている間にでも、生姜と長ねぎをみじん切りにしておきます。豆腐の風味は肉よりも弱めなので、写真のように少し細かめのみじん切りにするとよいです。
おいしい小豆の煮方／ぜんざいのレシピ：白ごはん.com	はじめに、小豆は鍋に入れるなどして変色したり割れたり小豆があれば取り除きます。続けてさっと洗い、たっぷりの水を加えてから中火にかけます。※他の乾物の豆類とは異なり火が通りやすいため、小豆は浸水が必要なく、いきなり水から煮始めるので、その点、炊きやすい豆だと思います。鍋が沸いたら弱火にして、そのまま5分煮ます。徐々に煮汁の色も変わってきます。5分経ったら、火を止めてから蓋をして、30分ほど蒸らします。30分後に蓋を取り、小豆をざる上げして、煮汁は捨てます。これが渋抜きで、この1回のみ行います。※捨てる前の煮汁をそのまま飲んでみるとわかるのですが、少しイガイガ、ツンとした苦みが口に残ります。ぜんざいを仕上げるのに不必要な苦みなので、一度煮汁を捨てるわけです。
さばそぼろ（さばフレーク）のレシピ/作り方：白ごはん.com	このレシピは【さば半身＋ねぎ＋生姜】で作ります。さばは“真さば”でも、“ごまさば”でも、どちらでも美味しく作ることができます。※さばを購入するときは、中骨がないものが下ごしらえしやすいのでおすすめです。可能であれば腹骨も取ってもらうなどすればさらにやりやすくなります。※さばの身をスプーンでかき出して作るので、煮付け用2切れよりも半身のほうが比べればやりやすいです。ただ、煮付け用切り身でも作れます。さばの身の下ごしらえを行う前に（まな板がきれいなうちに）、生姜とねぎを切っておきましょう。皮をむいた生姜と長ねぎを粗めのみじん切りにして、フライパンに入れておきます。※生姜とねぎの分量は多少前後しても美味しいので幅を持たせています。また、ねぎは青い部分が入った方が色合いがよいので僕はいつも入れるようにしています。
和風カレーのレシピ（ルー不使用のあっさり系！）：白ごはん.com	和風カレーの材料は、豚肉に定番の野菜を用意して作ります。しめじや椎茸、えのきなどのきのこ類、いんげんやグリーンピースなどの青みを入れても美味しく、和風っぽさもアップします。市販のルー代わりに用意するのは、カレー粉、小麦粉、片栗粉の3種です。※香りづけに生姜とにんにくも使っています。これは生のものがなければチューブのおろしたものでも代用可です。玉ねぎは5～6㎜幅に、にんじんは小さめの乱切りに、じゃがいもは少し大きめに切って水にさらしておきます。いんげんは3～4㎝幅に、しめじは石づきを切り落とし、生姜とにんにくは生のものを使うのであれば粗いみじん切りにしておきます（生姜は短めのせん切りでもOK)。※豚肉は、こま切れ肉が長いようなら3㎝幅ほどに切り、バラ肉なら3～4㎝幅に切っておきましょう。また、ルー代わりのAの材料３つも（野菜を煮込むタイミングでもいいので）容器に水100mlと混ぜ合わせておきます。カレー粉、小麦粉、片栗粉を合わせ、はじめに半分強くらいの水を入れてよく練ってから、後から残りの水を加えて混ぜる、こうするとダマになりにくいです（箸でも混ぜやすいです）。
鶏団子のレシピ/作り方：白ごはん.com	まず、ボウルに鶏ひき肉と塩を合わせます。写真右のように手を軽く握り込んで、ボウルの中で粘りが出るまでしっかりとかき混ぜます。※ここでしっかりと練り混ぜることで、つながりがよくなり、なめらかな食感になります。粘りがでてきたら、Aの調味料や素材（長ねぎみじん切り、卵1個、生姜のしぼり汁小さじ1/2ほど、醤油小さじ1、片栗粉大さじ1.5）を加えてしっかり混ぜ合わせます。卵などがしっかりと混ざったら、最後に酒大さじ1と1/2を加えます。※ただ、酒は混ぜ合わせたタネの硬さを見ながら、やわらかすぎる状態にならないよう調整しながら加えます。※どのくらいの硬さにすればよいか？※　後でタネを手からしぼり出しつつダンゴ状にするので、そのときを想定してみるとよいです。やりやすい状態は人によって違うのですが、酒は鶏肉の臭みを除いてくれるので、できれば全部入れたいところ。やわらかくなりすぎるのはNGですが、「タネはゆでる前に冷蔵庫で３０分ほど冷やすと少し硬くなってしぼり出しやすくなる」「やわらかくてしぼり出しにくいときは、片栗粉をさらに追加で少量加えてもよい」という対処法もあります。
牛すじと大根の煮物（煮込み）のレシピ/作り方：白ごはん.com	牛すじは一度ゆでこぼしてから流水で洗い、生姜などを加えて水から2時間ほど下茹でしておきます。冷凍もできるので、牛すじが手に入った時間のある時にやっておくとよいかもしれません。詳しくは「牛すじの下処理のやり方」にまとめています。大根は厚めに皮をむいて、1.5㎝幅の半月切りにします。また、下ゆでした牛すじは食べやすい大きさに切り分けておきます。※厚くむき取った大根の皮は「大根の皮のポン酢漬け」にするとよいです！手軽でよい箸休めになります。こんにゃくはスプーンでひと口大にちぎって、ティースプーン1杯ほどの塩をまぶして5分おき、それを2分ほど下ゆでします。ゆでたこんにゃくはざる上げして水気を切っておきます。→「こんにゃくの下ごしらえ」も参考に。
ひき肉を選ばない！カレーそぼろのレシピ/作り方：白ごはん.com	まず使うひき肉について。このレシピでは鶏、豚、牛、合いびき肉、どれでも美味しく作ることができます。野菜はにんじん、椎茸、ピーマンの3種を合わせるので、それぞれ皮をむく、ヘタを取るなどして、5〜7㎜角くらいに切っておきます。※鶏は食感よくさっぱりめ、豚はコクもあって食べ応えが出て、牛は脂の甘みが感じられる、ざっくりと言えばそんな仕上がりになります。はじめに、鍋にサラダ油を入れて弱めの中火にかけ、にんじんを炒めます。にんじんだけが火が通りにくいので先に火を通しておくわけです。にんじんに火が通れば、鍋を火からはずして、ひき肉、椎茸、ピーマン、Aの調味料をすべてを加えます。火にかける前にすべての具材をしっかり鍋の中で混ぜ合わせて、下準備の完了です（＊箸4〜5本を使って、ダマがなくなるまで混ぜます）
大根とさつま揚げの煮物のレシピ/作り方：白ごはん.com	大根は皮を厚くむいて縦半分に切って「1㎝幅の半月切り」にします。このくらいのサイズが火も通しやすく、食べやすさと食べ応えのバランスもいいと思います。さつま揚げは食べやすい大きさに切り分けておきます。※どうして皮を厚くむくかは「ふろふき大根」のページで詳しく紹介しています。厚くむいた皮は「大根の皮のポン酢漬け」にすると美味しいです！
ロールキャベツのレシピ/作り方：白ごはん.com	はじめに、キャベツについて。いろいろ試した結果、「1個丸ごとを使う」「レンジにかけてから葉をはがす」「その後にゆでる」という下ごしらえがいちばん作りやすいと思いました。キャベツに関しては1個の大きさがまちまちなのですが、小さめの玉（１ｋｇ）ほどを使うと作りやすいと思います。※少し大きめの場合は、外から葉をはがしてそれは他の料理に使い、1ｋｇくらいの玉にしてから作ってみてください。キャベツはそのまま葉をはがすとバリバリに割れてしまうので、ラップをして丸ごとレンジで加熱するとよいです。600Wで5分加熱すれば、1ｋｇのキャベツなら葉を最後まではがしやすくなると思います。レンジ加熱が終わればラップをはずし、はじめに包丁の切っ先で芯の部分をくり抜きます。キャベツのいちばん外側の葉がどの茎かを確認してから、外側から順に1枚ずつ葉をはがしていきます。今回作るロールキャベツは肉だねの分量換算で12～13個分の仕上がりなので、大きな葉は1枚として考え、小さい葉は2枚使うとして、枚数的に少し余裕を持ってはがしておきます。※中央の部分は少し余ると思います。私が作る時いつも100～150ｇくらい余ります。その部分は葉も小さいですし、使いづらいので他の料理に使うとよいです。※葉をはがすときは茎側からはがすのがやりやすいですが、茎側ががっちりくっついている場合は、外の巻いた部分の葉を少しはがして空気を入れ、それからはがすと多少やりやすくなります。
なすの揚げだしのレシピ/作り方：白ごはん.com	揚げ出しなすは『なす+いくつかの薬味』で作ります。今回は生姜、大葉、大根おろしを使いますが、1つ2つ薬味が減っても問題ありません。※薬味はみょうがの輪切りもさわやかに仕上がるのでおすすめです。まず、手順としては、なすを切ることを最後に行います（なすを水にさらさずにすぐに揚げるため）。生姜と大根はすりおろし、大葉はせん切りにします（それぞれのやり方は下の補足にまとめます）。それから鍋にAのだし汁120mlと醤油大さじ2、みりん大さじ1を合わせておきます。薬味とつゆの準備ができ、さらに揚げ油も火にかけて軽く温めはじめたら、最後になすを切ります。なすはヘタを切り落とし、縦半分に切り、切り口を下において、包丁をなすに対して斜めにして浅く2～3㎜間隔で切り込みを入れます。切り込みを入れたら長さを半分にします。※なすに浅く切り込みを入れるのは食べやすさ（噛み切りやすさ）と味のしみ込みをよくするためです。
たけのこのきんぴらのレシピ/作り方：白ごはん.com	ゆでたけのこは、食感が硬めの根元は5〜6㎜幅のいちょう切りにして食べやすく、柔らかい食感の穂先は5〜6㎜幅に縦に繊維にそって切ります。※生のたけのこを自分であく抜きする場合は「たけのこの下ごしらえ」のページを参考にしてみてください。
ひじきの煮物のレシピ/作り方：白ごはん.com	ひじきはたっぷりの水に入れ、30分ほどを目安に水戻しします。ひじきがふっくらと戻ればざるに上げます。にんじんは4〜5cm長さの少し太めのせん切りに、油あげは細めの短冊に切ります。※ひじきの種類は長ひじきでも芽ひじきでもどちらでもOKです。ただ、戻して長ければざる上げした後に食べやすい長さに切ってください。
煮物より時短！ひじきのきんぴらのレシピ/作り方：白ごはん.com	ひじきをきんぴらにする場合は、食べ応えのある“長ひじき”を用意してぜひ作ってみてください。長ひじきはたっぷりの水に40分～1時間ほど浸して、ふっくらと戻します。戻れば水を捨ててさっと洗い、長ければ食べやすい幅に切ります。※上の写真のように、にんじんは4～5㎝長さの棒状に切り、さつま揚げは3㎜幅ほどに切ります。煮物には油揚げが定番ですが、ひじきのきんぴらにはさつま揚げを合わせると美味しいです。
ごはんがすすむ！カレーちりめんのレシピ/作り方：白ごはん.com	しらすは‟釜揚げしらす”などのやわらかいものを用意します。煮崩れしないよう、少しでも大きめのものがおすすめです。カレー粉を入れてちょっとスパイシーに炊き上げることで、白ごはんが欲しくなるようなごはんのお供になってくれます。火にかける前に、鍋にAの調味料をすべて合わせて混ぜ合わせます（醤油は普通の醤油でもOKですが、薄口醤油を使うとカレーの色が映えてくれます）。
糸こんにゃくのきんぴらのレシピ/作り方：白ごはん.com	まず、用意するものは糸こんにゃく、にんじん、ベーコン、にんにくです。糸こんにゃくを香りの強い具材とともに、食べやすく食欲そそるきんぴらにします。※糸こんにゃくの色は好みで黒っぽいものでも、白っぽいものでも。個人的にはきんぴららしく茶色に染まるので白っぽい糸こんにゃくで作ることが多いです。はじめに糸こんにゃくは袋から出して水気を切り、まな板の上で長さを2～3等分ほどに切ります。沸騰したお湯にティースプーン軽く1杯ほどの塩（分量外）を加え、1分ほど下ゆでしたらざる上げし、しっかりと水気を切ります。にんじんは皮をむいて3～4㎝長さのせん切りにして、ベーコンは5～6㎜幅に切ります。にんにくは包丁の腹の部分で軽くつぶしておきます。
だしいらず！ひじきのそぼろ煮のレシピ/作り方：白ごはん.com	用意するのは『ひじき、鶏ももひき肉、にんじん』の3種です。うま味の強い鶏ももひき肉を使うことで、だし汁いらずで美味しく作れます。ひじきはたっぷりの水に30分ほどひたして水戻しします。にんじんは4〜5㎝長さのせん切りにします。※鶏ひき肉は、むね肉だとうま味が少し弱いので、もも肉がおすすめです。また、ひじきの種類は長ひじきでも芽ひじきでもどちらでも大丈夫。ただ、長ひじきなどの長いものの場合は戻した後に食べやすい長さに切ります。
手羽先とねぎの煮物（甘辛煮）のレシピ/作り方：白ごはん.com	手羽先に長ねぎ、生姜、にんにくを合わせます。長ねぎは青い部分も一緒に２㎝幅ほどの斜め切り、生姜は皮をむいて薄切り、にんにくは包丁で軽くつぶしておきます。手羽先はそのまま煮てもいいのですが、切ってから煮ることで、食べやすさと味のしみ込みが格段によくなります。まず、関節部分に包丁を入れて先端を切り落とします。次に手羽の２本の骨の間に包丁を入れて、２つに切り分けます。すべて切り終えたら、全体にうっすら塩をふって下味をつけます。※骨の状態によっては切り分けにくいこともあるので、２本の骨の隙間がわかりやすい側からまず半分まで切り込みを入れ、それから残り半分を切るようにするとやりやすいです。※先端は今回は使いませんが、だし取りなどに使うとよいです。ひとまず冷凍庫に入れておき、たまってからだし取りしても。
里芋の煮物のレシピ/作り方：白ごはん.com	里芋を切るときに注意したいのは、『里芋がぬれた状態で皮をむくと、ぬめってむきにくい』ということです。里芋を洗って土を落とした後にしっかり水気を切ることが大切ですし、時間的に余裕があれば、洗った後にざる上げして1～2時間でも良いので乾かしたり、水気を切った後にタオルやキッチンペーパーで水気をふき取ると皮がむきやすくなります。
最高に美味しい鴨ロースを作るレシピ/作り方：白ごはん.com	※このレシピでは、鴨肉は手に入りやすい“合鴨のむね肉”を用意して、家庭で作りやすい鴨ロースレシピとしてまとめています※はじめに、鴨肉の下ごしらえ。これは鴨肉を冷蔵庫から出してすぐの冷たい状態で行うとやりやすいです。購入したむね肉は余分な肉や皮、薄皮や脂を丁寧に取り除くことが大切。まず、むね肉以外の手羽に近い部分の肉が付いていれば切り落とします。つぎに、肉の面を見てみて、白い脂や、白っぽい薄い膜があれば、包丁で薄くそぎ落とします（特に薄い膜は仕上がりの食感が悪くなるため）。肉の部分の下ごしらえが終わったら、皮が肉から大きくはみ出すようであるかを確認して、余分な皮があれば切り落とします。左が下ごしらえ前で、右が後の状態です。最後に、焼いた時に脂が出やすくするためと、見た目をよくするために、皮に切り込みを入れます。切り込みの深さは皮の厚みの半分から2/3くらいまでが目安です。縦に5～6㎜幅の間隔で皮全体に切り込みを入れたら、下ごしらえの完了です。※ここまで下ごしらえをしたら、鴨肉を焼く前に常温に戻すとよいです。常温に戻してから上の下処理を行うと脂が多いので少し扱いづらくなると思います。
椎茸のガーリックソテー＆ブルスケッタのレシピ/作り方：白ごはん.com	椎茸のみをシンプルににんにくでソテーするレシピです。椎茸のカサの裏が真っ白できれいな（黒ずんでいない）新鮮なものを用意して作ってみてください。椎茸はカサやカサの裏に黒い汚れがついていたら手やキッチンペーパーなどで払い落し、軸を切り落とします。カサは真横に半分に切ってから、6～7㎜幅に切ります（小さめなら横に切らずに6～7㎜幅に）。また、切り落とした軸も白く新鮮であれば、石づきだけ切り落として残りを縦4等分に切って一緒に炒めるとよいです。
簡単なのに美味い！鶏肉のポン酢煮のレシピ/作り方：白ごはん.com	上で紹介した通り、材料は鶏もも肉、長ねぎ、生姜の3つで、これをシンプルに市販のポン酢を薄めて煮るレシピです。まず、長ねぎは1.5～2㎝幅の斜め切りにして、生姜は皮をむいて繊維を断つように輪切りにします。※鶏肉は常温に戻しておくと火が通りやすいですが、煮る工程で“蒸らし煮”するので、冷蔵庫から出したてでもOKです。鶏肉は余分な皮や脂があれば切り落とすなどして、両面に塩とこしょう（各分量外）をふりかけて下味をつけておきます。
冷凍しても美味しい！牛すじカレーのレシピ/作り方：白ごはん.com	牛すじは一度ゆでこぼしてから流水で洗い、生姜などを加えて水から2時間ほど下ゆでしておきます。前日か前々日くらいにゆでておくのがおすすめで、その場合はゆで汁ごと冷蔵保存しておきます。そうすることで表面に牛脂が固まってくれ、次工程で活用できます（※今回はゆで汁も使うため捨てずに取り置いておきましょう）。※下ゆでした牛すじは冷凍保存も可能なので手に入った時、時間のある時などにやっておくとよいです。詳しくは「牛すじの下処理のやり方」にまとめています。下ゆでした牛すじに合わせるのは玉ねぎ、にんじん、セロリ、生姜で、玉ねぎは薄切りにして炒め、その他はすりおろして後から加えます。玉ねぎは炒めるのに時間がかかるため、いちばんはじめに繊維にそって薄切りにしておくとよいです。牛すじを下ゆでしたものを冷ますと、上に牛脂が固まるので、それをすくい取って鍋に適量移し入れます。※脂が固まっていない、脂がない、という場合はサラダ油やオリーブオイルで代用してください。牛脂を入れた鍋を中火にかけ、溶けたら玉ねぎを全量加えます。水分が多いうちは中火のまま混ぜながら炒めます（2～3分ほど）。それから火を弱め、さらに15～20分ほど全体が色づくまで定期的に混ぜながら炒め、甘みを引き出します。
さつまいもの絶品おかず！鶏肉とさつまいもの煮物レシピ：白ごはん.com	さつまいもに合わせる鶏肉は、うま味の強い鶏もも肉がおすすめ。さつまいも500ｇに対して半分くらいの分量の鶏肉があるとよいと思います。さつまいもは洗ってから両端を切り落とし、皮ごと1.5〜2㎝幅の輪切りにします（特に太い部分は食べやすく1.5㎝ほどに！）。切ったものは水にさらします。鶏肉は皮ごと2〜3㎝四方ほどに切り、両面に塩ふたつまみ、こしょう少々（分量外）で下味をつけます。
炒り卵のレシピ/作り方：白ごはん.com	まずは炒り卵の材料ですが、「卵、砂糖、酒、塩」で作ります。酒は風味を良くしたり、炒り卵をしっとりふわふわに仕上げるために少量ですが加えています。「卵2個、砂糖小さじ2、酒小さじ1、塩ふたつまみ」または「卵3個、砂糖大さじ1、酒大さじ1/2、塩小さじ1/5」のどちらか、作りやすい分量で作ってみてください。※この炒り卵レシピは、甘みも塩気も比較的ちゃんと付けたものになっています。砂糖と塩の分量は1/2くらいまでならそれぞれ減らしてもOKなので、好みで調整してみてください。冒頭にも書きましたが、雪平鍋などの片手鍋で作る炒り卵と、フライパンで作る炒り卵は同じように作っても若干の違いが出ると思います。結論から言うと片手鍋だと細かめに作りやすく、フライパンだと少し大きめに仕上がる、そんな傾向があります。また、作ったあとの洗いやすさも違うので、工程の中でそれぞれ詳しく紹介していきます。
牛ごぼう（牛肉とごぼうの甘辛煮）のレシピ/作り方：白ごはん.com	牛肉はこま切れや切り落としなどを用意し、必要があれば食べやすい大きさに切ります。また、ごぼうは少し太めにささがきにするのがおすすめです。また、生姜は皮をむいてせん切りにします。※ごぼうのささがきのやり方も参考にしてみてください。太めのささがきの詳しい手順をのせています。
うどん主役の味噌鍋にも！味噌煮込みうどんのレシピ/作り方：白ごはん.com	家で作る味噌煮込みうどん。せっかく作るなら具だくさんで「鍋料理」として食べるのがおすすめです。具材としては、『長ねぎ、しめじ、えのき、椎茸、かまぼこ、鶏肉、ごぼう、人参、油揚げ』など、好みのものを準備してください。それから、味噌煮込みうどんに欠かせないのが生うどんで、生うどんを具といっしょに煮込むことで、適度なとろみがつゆについてくれます。※本場の名古屋の味噌煮込みうどん専門店では塩分の入っていない生うどんを使っていますが、このレシピでは普通にスーパーで売られている生うどん（小麦粉と塩で作っているもの）を使って作るレシピを紹介しています。長ねぎは1〜1.5㎝幅の斜め切りにして、ごぼうは斜め薄切り（3〜4㎜幅）にして水にさらします。かまぼこは食べやすく切って、人参は少し厚みのある短冊切りにします。えのきとしめじは石づきを切り落として粗くほぐし、きのこは石づきを落として1㎝幅に切ります。油揚げは短冊切りに、鶏肉は皮ごと7〜8㎜幅のそぎ切りにします。具材が用意できたら、Aの味噌大さじ5、みりん大さじ2と1/2、砂糖小さじ1をボウルに合わせ、だまのないように混ぜておきましょう。ここで少し味噌について。みそは家庭で使っているものでOKですが、おすすめはコクがあって適度に渋みもある赤味噌（豆味噌）です。また、味噌によって塩分濃度に差があるため、このレシピでは塩分10〜12％の味噌を基準とした味噌の配合にしています。※もし甘めの味噌で作る場合は、Aの砂糖を抜くとよいです、また、使っている味噌の成分表を見て、塩分が大きく違っていれば、その割合に比例する形で味噌の分量を増減させてください。
ナポリタンの作り方（ケチャップ味の濃厚レシピ）：白ごはん.com	家でナポリタンを作るとき、野菜は“玉ねぎとピーマン”、その他は“食べ応えの出るベーコン・ウィンナー、香りのよいにんにく”を使うとよいです。また、野菜を炒めるときにはオリーブオイルを使いますが、仕上げにバターを加えることで濃厚な仕上がりになるので、おすすめです。※バターは10ｇほどでよいので、有塩でも無塩でもどちらでもOKです。味付けに関してはケチャップベースのみでも作れますが、ケチャップに少しのトマトペーストをプラスするとより美味しくなると思います。※大さじ1分が小分けになったトマトペーストもあるので、それでもOKですし、トマトピューレを使ってもよいです（ピューレの置き換えに関しては下記補足参照）具材はすべて5～6㎜幅に切ります。玉ねぎは縦半分にして芯を切り落とし、ピーマンはヘタと種を除いて、ベーコンは端からそれぞれ5～6㎜幅に切ります。ウィンナーは斜めに5～6㎜幅に切り、にんにくは包丁の腹の部分で軽くつぶしておきます。フライパンで野菜を炒める前に、ボウルなどにAのケチャップなどを合わせておくとスムーズに作れます。ケチャップは大さじ1＝18ｇほどなので計量してもOKです。大さじ6のケチャップ、大さじ1のトマトペースト、大さじ2の水を合わせて混ぜておきます。※このレシピに関しては、塩気のきいたパスタのゆで湯はソースに合わせません。ケチャップをできるだけ多く入れたいので、塩気のあるゆで湯ではなくただの水をソースのベースに合わせています。
具だくさん茶碗蒸し（うどん入り！小田巻蒸し）の作り方：白ごはん.com	茶碗蒸しの基本となる卵液の分量は『卵3個、だし汁450ml、醤油大さじ1、塩小さじ1/4』です。具だくさんの茶碗蒸しですが、器の大きさによって3～4人分ほどが目安となります。具は『ゆでうどん、殻付きえび、鶏もも肉、椎茸、かまぼこ、三つ葉、ぎんなん』です。椎茸は軸を切り落として4〜6等分に切り、かまぼこは食べやすい幅に、三つ葉は1〜2㎝幅に切ります。えびは殻付きのままさっと塩ゆでしてから、殻をむいておきましょう。※上の写真では、えびの尾っぽだけを残すように殻をむいて、尾っぽの先を斜めにきれいに切り落としています。えびは下で紹介する鶏肉同様に、塩ゆでしない状態で具として入れることができるものの、さっと塩ゆでしてから合わせたほうが臭みもなく仕上がると思います。鶏肉は炊き込みご飯用に1㎝角ほどにカットされたものを購入してもOKで、大きければ1～1.5㎝角に切ります。
茶碗蒸しはやさしい味わいなので、鶏肉を容器に入れて、熱湯をかけて霜降りするのがおすすめ。これで余分な脂や鶏の臭みを除けます。お湯を切ってから塩ひとつまみ（分量外）をふりかけて下味をつけておきましょう。※パック品でない銀杏ではなく、自分で用意する場合は、「銀杏の殻むき」をして、熱湯でゆでたものを入れてもいいですし、「素揚げ銀杏」のように揚げたものを入れてもOKです。
家でも作れる！釜揚げうどんのレシピ/つゆの作り方：白ごはん.com	うどん用のだしには『かつお節、雑節（さばやむろ節）、にぼし、昆布』を好みで使います。その割合も自由で『水に対する割合が、節と煮干しは0〜4％、昆布だけ0〜1％、それぞれの上限を超えないように、合計4％分となるようミックスして使う』という考え方でよいと思います。つまり、水が1Lなら、「かつお節を40ｇ（4％）」だけの単品のだし取りでもいいし（もちろん「雑節40ｇ」のみ、「煮干し40ｇ」のみでも）、組み合わせるなら、昆布だけは10ｇ（1％）を上限にしたほうがよいので、「昆布10ｇ+煮干し10ｇ+かつお節20ｇ」、だとか、昆布を入れずに「かつお節20ｇ+雑節20ｇ」なんて組み合わせでも。それぞれのだし原料の傾向としたら、かつお節だけでだし取りするとすっきり香りよいうどんだしとなり、雑節はうまみやコクが強くなります。煮干しは特有の風味と濃いうまみがあり、昆布を加えると自然な底味や甘みがだしにプラスされます。※私自身は節をいろいろと組み合わせることで、だしにキレも出つつうま味も出るので、鰹節と雑節を併用することが多いです。煮干し多めという家庭的で経済的なうどんだしも時おり家で作ります。一般的な和食のだしと違って、必ずしも昆布を入れなくてもOKということだけは押さえておいてください。※かつお節や雑節を、「薄削りにするか厚削りにするか」ですが、うどんだしであれば香りよりもうま味を重視した厚削りがよいと思います（そのほうが経済的でもあるので）。ただ、家に薄削りしかない、という場合は薄削りでだし取りしてもOKです。
きつねうどんとおあげのレシピ/作り方：白ごはん.com	はじめに、油あげを炊く前に油あげをゆでて余分な油を落とすと、上品でだしの風味が活きる仕上がりになるのでおすすめです。鍋に湯を沸かし、油あげを入れて箸で軽く押さえて2〜3分ゆでます。それからざる上げして水にとり、冷めたら両手で挟むようにしてぎゅっと水気をしぼり出します。※きつねうどんに使う油あげは今回は7㎝四方の正方形のものを使用しました（大きめの長方形の場合は適宜枚数を減らして作ってください）。
おうちで作る絶品カレーうどんのレシピ/作り方：白ごはん.com	白ごはん.comのカレーうどんは、カレールゥに頼らずに『濃いめのだし汁+カレー粉』をベースにします。具材はシンプルに「ねぎ、油あげ、豚バラ肉、かまぼこ」の4種類で、カレー粉はS&Bの一般的なものを使います。うどん用のだし汁については、「うどんつゆの作り方」を参考に準備してみてください。うどん用のだし汁は濃いめのほうが美味しいので『水１Lに対して節40ｇ』でだし取りするとよいです（個人的におすすめの配合は鰹厚削り20ｇ、さばなどの雑節厚削り20ｇです）。具材の切り方は、長ねぎは5㎜幅の斜め切り、かまぼこは5㎜幅、油あげと豚肉は1㎝幅に切ります。また、火にかける前にとろみ付けのAをボウルに合わせ、しっかり溶いておくと後の作業がスムーズです。※とろみ付けには「片栗粉」と「小麦粉」を併用します。小麦粉をプラスすることで、つゆにルゥのような重たさが少し出て、麺に味がのりにくい普通のゆでうどんでも美味しいカレーうどんに仕上がります！
ばっちり美味しい焼うどんのレシピ/作り方：白ごはん.com	作りやすい基本の焼きうどんの具材として豚ばら肉、長ねぎ、にんじん、椎茸、ピーマンを組み合わせています。まず、豚肉は1.5㎝幅に切ります。※具材はその他に、キャベツ、玉ねぎ、きのこ類、小松菜、ニラなどを合わせても美味しいです。にんじんは短冊切りにして、長ねぎは5～6㎜幅の斜め切りにします。また、ピーマンは種・ヘタを除いて縦に7～8㎜幅に切り、椎茸は軸を落として5～6㎜幅に切ります。にんじんと長ねぎをはじめに炒め、後からピーマンと椎茸を加えるので、別々にしておくとよいです。
釜揚げ＆肉汁つけうどんのレシピ/作り方：白ごはん.com	肉汁つけうどんの具材は豚ばら肉、小松菜、長ねぎ、えのき茸を使います。具材はそれぞれ麺と食べやすいように、豚肉は2㎝幅に、小松菜は3〜4㎝幅に、長ねぎは斜め薄切り、えのき茸は長さを半分に切ります。また、生姜はせん切りにします。※うどんについては、生麺か乾麺をゆでて使うのがおすすめです。
鍋焼きうどんのレシピ/作り方：白ごはん.com	おうちで作る鍋焼きうどんの具は、『えのき茸、長ねぎ、ゆでたほうれん草、油揚げ、殻付きえび、干し椎茸の煮物、かまぼこ、卵』といった組み合わせがおすすめです。※その他におすすめの具材は下の補足にまとめています。椎茸は生椎茸でもOKですが、干し椎茸の煮物を加えるとより本格的な仕上がりになるので、ぜひお試しください。それから、鍋焼きうどんに欠かせないのがだし汁で、一般的な昆布とかつお節の組み合わせでもいいのですが、かつお節だけでだし取りをした、昆布ナシのだし汁でもすっきりとした仕上がりとなります。水500mlを沸かして、かつお節15g（3％）を加え、3～4分煮出してください。アクが出たら軽くすくい取ります。また、最後にかつお節を濾したら、だしがらもしっかりとしぼるとよいです。長ねぎは1〜1.5㎝幅の斜め切りにして、えのき茸、油揚げ、かまぼこは食べやすく切ります。殻付きのえびは、背ワタを竹串で取り除いてから、塩を加えた湯で2分ほどゆでてから取り出し、冷めてから殻をむいておきます。※えびの殻は尾っぽだけを残すようにむき取ると見た目もよいと思います。ほうれん草はゆでたものを食べやすく切って、切った後にも水気をしぼっておきましょう。また、事前に煮ておいた干し椎茸の煮物は大きければ半分に切っておきます（冷凍した場合は冷蔵庫で少し前から自然解凍を）※全部具材を自分で用意するとけっこう大変なので、ほうれん草と干し椎茸の煮物だけは前日までに用意しておくと、当日の作業の負担がちょっとだけ軽くなるのでおすすめです。※ほうれん草もゆでて水気をしぼっておけば冷凍保存できます。干し椎茸の煮物、ゆでたほうれん草も参考に。
野菜にゅうめんのレシピ/作り方：白ごはん.com	野菜は冷蔵庫にあるものでよいですが、このレシピではにんじん、キノコ類、ねぎ、乾燥わかめを合わせています。にんじんは短冊切り、ねぎは斜め薄切り、キノコ類は石づきを切り落として食べやすい大きさに切ります。※だし汁も好みのものでOKです。かつお出汁だけでなく、水出し煮干しだしや熱湯をそそぐだけの時短だしも参考に。
丁寧に解説！自宅で美味しい手作りラーメン/ 中華そばを作るためのレシピ：白ごはん.com	ラーメンスープのだし取りの通り、スープは『手羽中と香味野菜を使った鶏だし』と『混合節と煮干しと昆布で取った和風だし』を組み合わせて作ります。だし取り後は合わせて約1500mlのだし汁になるのですが、そのだし汁に対して醤油大さじ3、みりん大さじ2、砂糖小さじ2、塩小さじ1と1/2を目安に味を調えます。※白ごはん.comのラーメンスープの鶏だしでは、手羽先のだしがらで作る手軽な1品も作れます。
かけそば／年越しそばの作り方（美味しいつゆのレシピも合わせて）：白ごはん.com	シンプルに長ねぎを合わせ、用意できれば黄ゆずの皮を少しそえる、そんなあっさりとした具で作るかけそば（もしくは年越しそば）もよいものです。ねぎの切り方や、そばを作る手順、最後に載せた丁寧なかけそば用のだしの取り方まで、それぞれ参考にしてみてください。まず、具となる長ねぎについてです。これは2人前で半本分か少し多めの2/3本分くらいあればよいと思います。できれば根元側の白い部分と、葉側の青みのある詰まった部分を、それぞれ両端から10㎝ずつくらい用意すると仕上がりの色がきれいになります。ねぎははじめに縦半分に切り、さらに繊維にそって5～6㎜幅になるように切ります。※こうすることで、食感も残りつつ、蕎麦とも絡みやすくなると思います。※ここで言う「葉側の青みのある詰まった部分」は長ねぎの先の中が空洞のところではなく、より中央に近い詰まった部分のところです（緑の葉は他の料理やだし取りに使ってください）。
肉うどんのレシピ/作り方：白ごはん.com	肉うどんに使う牛肉は「こま切れ」や「切り落とし」で十分です。適度に脂のはいった肉を選ぶとコクも出て、かたくなりすぎずに食べやすいと思います。牛肉を炊くときには生姜をせん切りにして加え、肉うどんの仕上げには刻みねぎを加えます（好みで一味唐辛子などの辛みのある薬味を合わせても）。牛肉を炊くタイミングは、だし取りしているときでも、事前に作っておいてもOKです。まず、鍋にAの調味料（醤油、酒、みりん、水各大さじ2、砂糖小さじ2）をすべて合わせます。生姜も加えて中火にかけ、鍋肌の煮汁がふつふつと軽く沸いてきたら、牛肉を加えます。牛肉を箸でほぐして、火加減はそのままで4〜5分煮るだけで味付け牛肉の完成です。煮汁は完全になくなるのではなく、鍋底一面に残っている状態。しぐれ煮などとは違って、少しだけあっさりめの味付けになっています。
ばっちり味が決まる！焼きそば（醤油味）のレシピ/作り方：白ごはん.com	焼きそばの具材はオーソドックスな豚バラ肉、キャベツ、にんじん、玉ねぎです（他の野菜に置き換えてもらってもOK！）。まず、豚肉を2㎝幅に、生姜はせん切りにしてから、鍋にAの煮汁を合わせます。生姜だけ先に入れて鍋を中火にかけて、沸いたら豚肉をほぐしながら入れて、少し火を弱めたら4分ほど煮ます。※この、はじめに煮汁で豚肉を煮るやり方は「煮汁を蒸らし工程に使えるのでだし汁いらず」「豚肉を炒めるよりも煮たほうが肉がダマになりにくい」「豚肉にも、煮汁を吸わせる麺にも、しっかり味が入る」といったメリットがあると思います。あとは焼きそばの他の具材を用意します。にんじんは短冊切りにして、玉ねぎは5〜6㎜幅に切ります。キャベツは食べやすい大きさに切って、水で洗っておきます。これで焼きそばの下ごしらえが完了です。
カレーしょうゆ焼きそばのレシピ/作り方：白ごはん.com	カレーしょうゆ焼きそばの具材は鶏もも肉、玉ねぎ、にんじん、刻みねぎです。鶏肉は炊き込みご飯用など、小さくカットされているものでOKですが、大きければ皮ごと1㎝角ほどに切ります。玉ねぎは3㎜幅くらいの薄切りに、にんじんは細めの短冊切りにします。※鶏肉の甘みのある脂がカレー味と相性がよいように感じたので、鶏肉を使用していますが、好みで豚肉に変えるなどしてみてください。また、焼きそばをフライパンの中で蒸らすときに‟だし汁を使う”と美味しくなるので、用意できればだし汁も準備します。炒める工程をスムーズに行うために、Aの味付け用の調味料は事前に容器に合わせておくとよいです。※だし汁は簡単に用意できるレシピもあるので下の補足にまとめておきます。だし汁が用意できない場合も代用法も合わせて紹介しています。
基本となる“かけうどん”“うどんつゆ”のレシピ/作り方：白ごはん.com	うどん用のだしには『かつお節、雑節（さばやむろ節）、にぼし、昆布』を好みで使います。その割合も自由で『水に対する割合が、節と煮干しは0〜4％、昆布だけ0〜1％、それぞれの上限を超えないように、合計4％分となるようミックスして使う』という考え方でよいと思います。つまり、水が1Lなら、「かつお節を40ｇ（4％）」だけの単品のだし取りでもいいし（もちろん「雑節40ｇ」のみ、「煮干し40ｇ」のみでも）、組み合わせるなら、昆布だけは10ｇ（1％）を上限にしたほうがよいので、「昆布10ｇ+煮干し10ｇ+かつお節20ｇ」、だとか、昆布を入れずに「かつお節20ｇ+雑節20ｇ」なんて組み合わせでも。それぞれのだし原料の傾向としたら、かつお節だけでだし取りするとすっきり香りよいうどんだしとなり、雑節はうまみやコクが強くなります。煮干しは特有の風味と濃いうまみがあり、昆布を加えると自然な底味や甘みがだしにプラスされます。※私自身はかけうどんのつゆのだし汁には昆布を入れない方が、だしにキレが出てすっきりとしてくれるので好みです。煮干しのみという家庭的で経済的なうどんだしも時おり家で作ります。一般的な和食のだしと違って、必ずしも昆布を入れなくてもOKということだけは押さえておいてください。※かつお節や雑節を、「薄削りにするか厚削りにするか」ですが、うどんだしであれば香りよりもうま味を重視した厚削りがよいと思います（そのほうが経済的でもあるので）。ただ、家に薄削りしかない、という場合は薄削りでだし取りしてもOKです。
にゅうめん春雨うどん何でも美味しい【和風牛すじ麺】レシピ：白ごはん.com	まずは事前に牛すじ肉をゆでておきます。今回はそのゆで汁も活用するレシピです（※詳しくは「牛すじの下処理」を）牛すじ肉も50～100ｇほどで十分で、その他にしめじとねぎ、好みの麺を準備します。※麺は素麺、春雨、うどん、フォーなど好みのもので。ただ、うどんの場合のみ細めのうどんで作るのがおすすめです。しめじは石づきを切り落としてほぐし、牛すじ肉はゆで汁から出して細切りにします。鍋に牛すじのゆで汁300mlと薄めのかつお出汁300mlを足し合わせます。※上の材料箇所にも書きましたが、牛すじのゆで汁のみで作ると少し甘ったるくなるので、かつお出汁と半々くらいで合わせるのがおすすめです。かつお出汁だけでなく、水出し煮干しだしや熱湯をそそぐだけの時短だしなどでも。
だしブレンドrecipe / 肉汁つけうどん：白ごはん.com	肉汁つけうどんの具材は豚ばら肉、玉ねぎ、えのき茸、椎茸を使います。薬味として刻みねぎとおろし生姜があると風味がアップするのでおすすめです。まず、椎茸とえのきは石づきを切り落として、椎茸は薄切りに、えのきは長さを2～3等分に切ります。玉ねぎも薄切りにして、豚バラ肉は2㎝幅ほどに切っておきましょう。切った椎茸、えのき、玉ねぎは鍋に入れ、そこにAの水350mlをそそぎ入れます。
冷製トマトそうめん（ぶっかけそうめん）のレシピ/作り方：白ごはん.com	このトマトそうめんの特徴は、皮をむいたトマトに、同じく皮をむいたなすを合わせて、つるりと食べやすく仕上げている点です。皮なしだからこそ、1人分でトマトとなす1個ずつ、たっぷり食べれるレシピになっています。まず、なすはレンジで加熱して冷ましておきます。なすのヘタを落として皮をむき、さっと水にぬらしてラップに包みます。レンジの中央に置き、６００ワットで２分加熱します。1本ずつ加熱し、冷蔵庫で冷やしておきましょう。※なすのレンジの加熱については「なすのごま和え」に詳しくまとめていますので、参考にしてみてください。なすが冷めたころに、トマトとそうめんの準備をして仕上げていきます。トマトは皮なしの方がそうめんと食べやすいので、ぜひそうめんをゆでる前の湯で湯むきしてみてください。トマトの皮に浅く十字に切り込みを入れ、そうめんをゆでる前の湯で10〜20秒ほどゆで、冷水に取り、トマトの皮をむきます（※湯むきに使った湯は捨てないで麺をゆでます！）※トマトの湯むきは詳しくまとめたページもあるので参考にしてみてください。
冷やし中華の作り方/レシピ：白ごはん.com	冷やし中華の具材は比較的アレンジがききやすいですが、このレシピではそろえやすい胡瓜、薄焼き卵、トマト、にんじん、ハムで作ります。麺に関しては、生麺コーナーにあるタレ付きの商品か、麺だけ入った商品を買ってください（※麺だけの場合は「冷やし中華のタレ」でぜひ手作りを！）※冷やし中華のタレを作って冷蔵庫で冷やしておく必要があれば、当日の早くにか、日持ちするので事前に作っておくとよいです。※「冷やし中華のタレ」に詳しくまとめています。
たまごそうめんのレシピ/作り方：白ごはん.com	まず「錦糸卵の作り方」のページを参考に錦糸卵を用意し、細いせん切りにします。
できればそうめんを食べる時、ほんのりあたたかい焼き立ての錦糸卵を用意できるとよりおいしくなるので、時間があれば錦糸卵を作るタイミングを合わせてみてください。※錦糸卵は冷凍できるので、まとめてつくって冷凍しておけば、そうめんをぱっとゆでるだけで作れます！
やさしい味わいのミートソースのレシピ/作り方：白ごはん.com	特別な材料を使わないミートソースの作り方を紹介しています（隠し味にカレー粉も入れますが、あれば入れるくらいでOKです）。調味料はシンプルだし、少しだけ和の要素（醤油）も入るので、くどさもなく、パスタはもちろん下の写真のようにごはんにのっけて丼ぶりにしても本当に美味しい！ ある程度まとめて作るので、ぜひごはんのっけも試してみてください。
和風きのこパスタのレシピ/作り方：白ごはん.com	※美味しいパスタ料理を作るにはゆで湯に入れる塩の分量が大切です！→「パスタのゆで方」にて詳しく紹介しています。※2人前のパスタをゆでるなら、お湯2Lはできればほしいところ。2Lに対して塩は大さじ1と1/4（約20ｇ）加えます。
フライパンで少し火が入ることを考えて、ちょっとだけ硬めにパスタをゆで上げ、しっかりゆで湯を切ってからフライパンに合わせます。
※ゆで湯を大さじ2ほど使うので、途中ゆで湯を必要な分だけ取っておいてください。※パスタのゆで上がり時に、きのこを炒め終えておく必要があるので、フライパンでの調理時間を逆算してゆで始めることも大切です。
たらこ・明太子の和風パスタのレシピ/作り方：白ごはん.com	美味しいパスタ料理を作るにはゆで湯に入れる塩の分量が大切です！→「パスタのゆで方」にて詳しく紹介しています。
2人前のパスタをゆでるなら、お湯2Lはできればほしいところ。2Lに対して塩は大さじ1と1/4（約20ｇ）加えます。
今回はパスタをざる上げしたらそのままソースと和えるので、好みのゆで加減までしっかりパスタをゆでることが大切です。
ししとうとじゃこのパスタのレシピ/作り方：白ごはん.com	美味しいパスタ料理を作るにはゆで湯に入れる塩の分量が大切です！→「パスタのゆで方」にて詳しく紹介しています。
2人前のパスタをゆでるなら、お湯2Lはできればほしいところ。2Lに対して塩は大さじ1と1/4（約20ｇ）加えます。
フライパンで少し火が入ることを考えて、ちょっとだけ硬めにパスタをゆで上げ、しっかりゆで湯を切ってからフライパンに合わせます。
※ゆで湯を大さじ2ほど使うので、途中ゆで湯を必要な分だけ取っておいてください。※パスタのゆで上がり時に、ししとうを炒め終えておく必要があるので、フライパンでの調理時間を逆算してゆで始めることも大切です。
タラや冬野菜たっぷりで！具だくさん湯豆腐のレシピ：白ごはん.com	大きめの土鍋などを用意し、水1リットルに5～6㎝四方の昆布を合わせます（昆布のうまみをスムーズに引き出すために、はじめに準備し、20～30分ほど置いておくとよいです）。また、シンプルな湯豆腐にも記載していますが、土佐醤油を手作りするのもおすすめです。材料は、【醤油100ml、みりん大さじ1、酒小さじ2、かつお節小袋1パック】。※土佐醤油が出来上がれば、湯豆腐には、できた土佐醤油2～3に対して、水を1加え、少し薄めて使うのがおすすめなので、食べる直前にでも好みの濃さまで少し薄めてください。※土佐醤油の作り方は、小鍋に調味料を合わせて弱めの中火にかけて一度沸かし、鰹節を加えて1分加熱。火を消してそのまま5～10分味をなじませてから鰹節をしっかり濾します。この分量で2回分ほど。余ったら刺身や卵かけご飯などに使ってみてください。→「土佐醤油の作り方」も参考に。
チーズたっぷりトマト雑炊のレシピ/作り方：白ごはん.com	用意する具材はトマト、ベーコン、ピザ用チーズが必須で、あとは椎茸やえのきなどのきのこ類と薬味の大葉を合わせます。※きのこはしめじなどに置き換えてもよく、薄切りの玉ねぎや食べやすく切ったじゃが芋などを合わせても。椎茸とえのきはそれぞれ石づきを切り落として食べやすく切り、ベーコンは7～8㎜幅くらいに切ります。トマトは半分に切ってヘタを切り落とし、皮ごとで良いので、1.5～3㎝幅の格子状に切ります（火が通って軽く崩れるので適当でOKです）鍋にだし汁を入れて、その中に切った材料をすべて加えます。大葉だけは後から加えるので、別で1～2㎝四方に切っておきましょう。※だし汁は、かつおと昆布のだし、水出し煮干しだし、熱湯をそそぐだけの時短だしなどを参考に。具材から味がしっかり出るのでコンソメや顆粒だしを使う場合は表示分量の1/2～1/3くらい入れれば十分だと思います。
鶏おでんのレシピ/作り方：白ごはん.com	はじめに、下茹でに時間のかかる大根から準備します。大根は皮ごと3㎝ほどの輪切りにしてから、食べるときの口当たりをよくするために皮を厚めにむきます（皮の内側に見える筋をむき取るくらいの厚みが目安）。太い大根であれば半分に切り、輪切りのままの場合は、味のしみ込みをよくするため、片面に深さ１cmくらいで十字に切り込みを入れます。

	



※厚くむき取った大根の皮は「大根の皮のポン酢漬け」にするとよいです！手軽でよい箸休めになります。
切った大根は大きな鍋に移して、水を加えて火にかけます。沸いたら火を弱めて（大根が少し踊るくらいの火加減に落とし）、15～20分を目安に竹串がすっと通るまで下ゆでします。
大根をゆで終えたお湯を使って、手羽元の霜降りをするので、大根をゆでている間に、手羽元をボウルに入れて小さじ1/2の塩（分量外）をまぶして5分おきます。




大根に串がすっと通れば穴杓子やお玉を使って、大根だけを取り出し、残ったお湯に手羽元を入れます。
手羽元のぬめりなどをここで落とすことで、おでんの出汁もクリアに仕上がります。手羽元を入れたらさっと混ぜ、1～2分加熱してからざる上げしておきましょう。




その他のこんにゃく、ゆで卵、厚揚げやちくわ、さつま揚げの下ごしらえはおでんの下ごしらえの前半を参考に準備してください。
※こんにゃくは食べやすい大きさに切って、こんにゃく1枚に小さじ1/2の塩を全体にまぶして５分おきます。鍋にお湯を沸かしてこんにゃくを1分ほど下ゆでしてざる上げ。厚揚げと練りものは、食べやすい大きさに切り分け、好みで熱湯をかけて油抜きを。卵は固ゆで12分。




※厚くむき取った大根の皮は「大根の皮のポン酢漬け」にするとよいです！手軽でよい箸休めになります。切った大根は大きな鍋に移して、水を加えて火にかけます。沸いたら火を弱めて（大根が少し踊るくらいの火加減に落とし）、15～20分を目安に竹串がすっと通るまで下ゆでします。大根をゆで終えたお湯を使って、手羽元の霜降りをするので、大根をゆでている間に、手羽元をボウルに入れて小さじ1/2の塩（分量外）をまぶして5分おきます。大根に串がすっと通れば穴杓子やお玉を使って、大根だけを取り出し、残ったお湯に手羽元を入れます。手羽元のぬめりなどをここで落とすことで、おでんの出汁もクリアに仕上がります。手羽元を入れたらさっと混ぜ、1～2分加熱してからざる上げしておきましょう。その他のこんにゃく、ゆで卵、厚揚げやちくわ、さつま揚げの下ごしらえはおでんの下ごしらえの前半を参考に準備してください。※こんにゃくは食べやすい大きさに切って、こんにゃく1枚に小さじ1/2の塩を全体にまぶして５分おきます。鍋にお湯を沸かしてこんにゃくを1分ほど下ゆでしてざる上げ。厚揚げと練りものは、食べやすい大きさに切り分け、好みで熱湯をかけて油抜きを。卵は固ゆで12分。
水炊きのレシピ/作り方（手に入りやすい鶏の部位で）：白ごはん.com	このレシピでは‟骨付きももぶつ切り”がなくても、おうちで美味しい水炊きが作りたい！と思って考えたレシピです。用意する鶏肉は「手羽先、手羽元、もも肉」の3種です。これらの鶏をゆでる時に生姜とにんにくを少量あわせ、風味をアップさせます（生姜は皮ごと3〜4㎜幅に、にんにくはつぶしておきます）。※手羽先は脂のコクや出汁がよく出て、手羽元は肉も食べごたえがあって、骨から出汁が出ます。もも肉は具材として食べやすく、ほろりとくずれる食感も楽しめます。できれば3種用意して作ってみてください。まず、手羽先は「手羽先の煮物」を参考に、先端と手羽中に分け、さらに手羽中も二つに縦に切り分けます。鶏もも肉は4㎝四方くらいに皮ごと切ります（カットされたものを購入してもOKです）。すべてをボウルに入れ（手羽先の先端も）、熱湯を1リットルほど沸かして注ぎ入れます。さっと箸でひと混ぜし、ざる上げします。※表面のぬめりなどを落として臭みの出にくい出汁を取るためです。
野菜たっぷり！常夜鍋のレシピ/作り方：白ごはん.com	常夜鍋はたっぷりのほうれん草と豚しゃぶ肉を基本に、椎茸などのきのこ類や豆腐などを合わせた、ポン酢でいただく鍋です。はじめに、Aの水（1.2L）だけを鍋に入れて、昆布を入れておきます（30分以上置いてから火にかけると昆布のだしが出やすくなります）。※他の具材としてはにんじんや白菜、厚揚げや餅などポン酢で食べて美味しいものを好みで入れるとよいです。また、〆はうどんがおすすめです。
基本の豚汁のレシピ/作り方：白ごはん.com	豚汁は豚肉とたっぷりの根菜類を合わせるのが基本です。今回は【大根、にんじん、ごぼう、玉ねぎ、里芋、長ねぎ（そこに青みのいんげん）】を合わせます。また、豚肉に関しては、うま味と脂がしっかりと出る豚バラ薄切り肉がおすすめです。厚みのあるものより薄めくらいのものが汁によくなじんで美味しいと思います。※野菜はすべてのものを用意する必要はなく、3～4つ以上の具材を合わせることができれば、野菜からの出汁にも深みが出て美味しくなります。具材の切り方は、大根とにんじんは大きさに合わせて半月切りやいちょう切りにします（ともに食べやすい5㎜くらいの厚みで）。長ねぎは1㎝幅の斜め切り、玉ねぎは5㎜幅ほどに切ります。ごぼうは小さめの乱切りにして水にさらし、里芋は大きめのひと口大に切ります。豚バラ肉は2～3㎝幅に、いんげんはヘタを落として斜め切りにします。
ほうれん草と落とし卵のみそ汁のレシピ/作り方：白ごはん.com	上にも書いた通り、ほうれん草を直煮してみそ汁にするときは、卵と組み合わせるのがおすすめです。※ほうれん草の味の濃さと卵の相性がよいですし、ものによってアクの出方は違いますが、卵のまろやかさがほうれん草のアクや渋みが出てきたとしてもそれらを和らげてくれます。ほうれん草は、乾いた根っこを切り落としてから、左手でほうれん草の中ほどをつかみ、右手で持った包丁で切り込みを細かく入れます。このときほうれん草を持っている左手に注意しながら、1～2㎝の深さで茎の太さよりも細かくなるようにすると、後から水洗いしたときに土が落ちやすいです。※上の写真はほうれん草をまとめて処理したときの写真なので、このレシピ分量より多めです。また、「ほうれん草の下ごしらえ/ゆで方」に詳しく紹介しているので参考にしてみてください。ほうれん草は長さを3～4等分にします。それから人数分の卵はそっとだし汁に入れやすくするため、小さな器に一つずつ割っておきます。
あさりの味噌汁のレシピ/作り方：白ごはん.com	あさりの味噌汁は、あさりをメインの具に、三つ葉や薬味ねぎ等の薬味を合わせるシンプルなものが基本です。あさり＋水だけよりも、あさり＋水＋昆布にすることでうま味がぐっと強くなるので、昆布があればぜひ加えてください（だし入り味噌を使う場合は昆布は不要かもしれません）。昆布を入れる場合は、水500mlに昆布4～5㎝四方を1枚ほど合わせ、時間があれば30分ほど置いておきましょう。※あさりの砂出しについては→『あさりの砂抜きのやり方』を参考にしてください。
春菊の豚汁（みそ汁）のレシピ/作り方：白ごはん.com	味わいにパンチがあって苦みの強い春菊は、ほんの少しの豚肉と生姜を合わせて、豚汁風にすると飲みやすく美味しいみそ汁に仕上がると思います。まず、豚肉は1㎝幅に切り、生姜は皮をむいてみじん切りかせん切りにします。春菊はため水の中で振り洗いしてから、太い茎の部分についた葉っぱを手でちぎります。茎は3〜4㎝幅に、穂先とちぎった葉っぱは4〜5㎝幅に切ります。※茎と葉っぱは加えるタイミングが違うので、分けておくとよいです。
もやし豚汁のレシピ/作り方：白ごはん.com	もやしと豚バラ肉をメインの具材に、もやし1袋を使い切る形で、だし汁要らずの豚汁を作ります。まず、もやしはさっと洗ってざる上げして、豚肉は1㎝弱幅に、生姜はせん切りにします。
きのこ豚汁のレシピ/作り方：白ごはん.com	材料欄にも書きましたが椎茸、しめじ、えのき、舞茸、なめこの5種を使って作ります。2～3種類でも十分ですが、中でもなめこを加えると軽くとろみが出てくれるのでおすすめです。きのこ類は石づきを切り落とし、椎茸は5～6㎜幅に、えのきは長さを半分に、舞茸としめじは食べやすい大きさにほぐしておきます。なめこも流水でさっと洗っておきましょう。きのこ以外の材料はシンプルに豚肉と玉ねぎです。豚肉は1～1.5㎝幅に切り、玉ねぎは2～3㎜幅に切ります。また、だし汁は薄めで十分なので、いつもみそ汁に使うだし汁を水で倍に薄めるくらいでOKです。※「定番の豚汁レシピ」では‟水で作っても”としていますが、きのこ豚汁は根菜類が入らない分、野菜のほっこりとした甘みが加わらないため、薄めでもだし汁を使うのがおすすめです。
白菜と高野豆腐のみそ汁のレシピ/作り方：白ごはん.com	今回合わせる具は高野豆腐、白菜、椎茸の3種類です。高野豆腐はぬるま湯で戻してから小さめに切ります。※高野豆腐は小さめに切ってもみそ汁の具としては食べ応えが出るので、白菜の外葉など、同じく食べ応えのある素朴な野菜が合うと思います。まず、白菜はため水の中でしっかり洗い、縦半分に切ります。それから繊維を断つように7〜8㎜幅に切ります。※好みで使い分けてもらえればいいのですが、みそ汁に入れる白菜は、内側に比べると繊維が硬めな外側の葉で十分だと思います。次に、椎茸は石づきを切り落として、太い軸であれば軸も美味しく食べれるので縦4〜6等分くらいに切って使います。椎茸のカサのほうは5㎜幅ほどに切ります。高野豆腐は袋の表示時間を参考に戻し、しっかり戻れば両手でギュッと水気をしぼります。指で押さえても水気が出ないくらいまでしぼります。高野豆腐は横半分に切り、端から5㎜幅ほどに切ります。みそ汁の具にするときは厚みを薄めにすることが大切です。そうすることで、食感的にも味的に食べやすくなります。
余った卵白は【お味噌汁の具】がおすすめ！そのコツ＆レシピ：白ごはん.com	卵黄を使った後の卵白は【汁の具】にするのが手軽でおすすめなのですが、卵黄のコクがなくなる分、天かすなどでコクを出すとよいです。また、火の通った卵白は食感や風味も比較的しっかりしているので、風味をプラスでき、卵白とは違う食感も楽しめる薬味的なものをたくさん入れるとより美味しくなるように感じます（個人的には手軽にかいわれ菜＆一味唐辛子の組み合わせが好きなので今回はそのセットで）。まず、かいわれ菜は根元を切り落とし、傷んだ部分があれば手で除きます。煮立ったみそ汁をそそげばすぐに火が通るので、お椀に天かすと共に盛り分けておくとよいです。※天かすは鍋に入れるよりもお椀に入れたほうが、鍋が油っぽくならず、洗うときに少しだけ楽になると思います。
長芋のみそ汁のレシピ/作り方：白ごはん.com	今回は長芋をみそ汁のメインの具にして、あとはシンプルに油揚げとたっぷりの刻みねぎを合わせます。※だしに関しては煮干だしでも、かつおだしでも、お好みのだしを用意してください。まず、長芋は皮をむいて縦半分に切り、端から1㎝幅の半月切りにします。油揚げは食べやすい大きさの短冊切りにして、薬味ねぎは小口切りにします。
あおさの味噌汁のレシピ/作り方：白ごはん.com	はじめに、あおさのり（乾燥）はお椀に適量を分けておきます（さっと火が通るので鍋で加熱する必要はありません）。にんじんは短冊切りにして、えのき茸は石づきを切り落として長さを半分に切ります。※だしに関しては煮干だしでも、かつおだしでも、お好みのだしを用意してください。
菜の花の具だくさん味噌汁のレシピ/作り方：白ごはん.com	菜の花は洗って、長ければ食べやすい3～4㎝幅に切ります。にんじんは皮をむいて3～4㎝長さのせん切りに、油揚げも同じくらいの細めの短冊切りにします。※菜の花は穂先だけをパックして売られているものもあるので、長い茎があるものだけ食べやすく切るとよいです。
しじみの味噌汁のレシピ/作り方：白ごはん.com	しじみは買ってきたものを一度薄い塩水に移して、砂出ししてあげるとよいです。しじみ200gほどに対してなら、水200mlに塩小さじ1/5〜1/6ほど加えます
（これでだいたい0.5％ほどの塩分の水になって、砂が出やすくなります）。あれば新聞紙などを上にかぶせて３〜４時間置いておきます（夏場は冷蔵庫に）。※しじみが重なり合うような状態ではなく、平たいバットなどにしじみを広げて砂出しするとよいです。
トマトとオクラの夏豚汁のレシピ/作り方：白ごはん.com	今回豚汁に合わせる夏野菜は「オクラ」と「トマト」。生姜もさわやかな風味をプラスするために加えるとよいです。トマトは口当たりをよくするため、湯むきしてから大きめのひと口大に切ります（「トマトの皮の湯むき」を参考に）。オクラはがくの黒い部分をむき取って、斜めに3〜4等分に切ります。また、豚肉は1㎝幅、生姜はせん切りにします。※トマトをみそ汁の具として使う場合、「豚肉と合わせる」「生姜をきかせる」「こしょうをふる」などの工夫をするとより食べやすく、美味しく仕上がると思うので、夏の豚汁の具にもぴったりだと思います。
モロヘイヤと豆腐の味噌汁のレシピ/作り方：白ごはん.com	モロヘイヤは茎から葉っぱを手でちぎり、茎は穂先側半分ほどを2㎝幅に切ります（※）また、豆腐は1㎝角ほどに（のどごしのよい絹ごし豆腐がおすすめ）、えのき茸は石づきを切り落としてから2〜3㎝幅に切ります。※モロヘイヤの茎を食べてOKなのはスーパーで売られているものに限ります。自家菜園のものは一部に毒性が含まれる可能性があるため注意が必要です。詳しくはモロヘイヤのゆで方のページを参照ください。
なめこと豆腐の味噌汁のレシピ/作り方：白ごはん.com	豆腐は木綿よりも絹ごしのほうがのど越しがよく、個人的におすすめです。
青みに関しては、今回は青ねぎを斜め薄切りにして用意しました。
具材の下処理が終わったらだしを沸かして、ねぎ以外の具材を加え、豆腐を芯まで温めます。※だしは煮干だしでも、かつおだしでも、お好みのだしを使ってください。※青みはねぎでなくとも、刻みねぎ、三つ葉、水菜、せりなどなんでもＯＫです。具材があたたまったら、火を弱めてみそを溶き入れ、食べる少し前にねぎを入れてさっと火を通します。
食べる直前に再度沸騰直前まであたためて、椀に注ぎ入れて完成です。
＊味を見ながら味噌大さじ２と１/２を目安に調整してみてください。なめこはそもそも洗って使うのか？袋に入ったものはすでに下処理されていて、必要がないように思います。
私自身なめこの袋入りのものは洗わずに使用していました。
しかしきちんとした説明を聞いてみようと、念のためにメーカーに電話で質問をしてみました↓（なめこ生産トップ３に入る大手さんに）メーカーの回答は「なめこは洗って使ったほうがよい。メーカーでも洗浄はしているが、ごみがついているといけないので。」とのこと。
さらに、そのことに追加して「なめこは必ずさっとでも火を入れて使ってください。」との話も。話をしていてわかったことは「水洗い」は推奨で「火を入れる」のは絶対に、といった感じを受けました。ということなので、そもそも「火を入れて」食べる味噌汁に関しては、洗うことは推奨されていますが、お好みで決めてよいと思います。
（私は面倒臭がりなので、メーカーの洗浄を信頼して洗わずに使っていることがほとんどです。）
かぼちゃと白玉団子のほうとう風のレシピ/作り方：白ごはん.com	にんじんは３〜４mm幅の半月切りに、椎茸も同じく４mm幅くらいに切り、かぼちゃは大きめのひと口大ほどの大きさに切ります。
油あげは短冊に、小松菜は３〜４ｃｍ幅に切っておきます。
また、白玉だんごを手作りする場合は、事前に白玉だんごを用意しておいてください。→白玉だんごの作り方のページへほうとうに使うだしは、野菜からの甘みがいっぱい出てくるので、お吸い物のような上品なだしである必要はありません。
煮干だしでも、かつおだしでもＯＫです　→煮干だしの取り方のページへ
だしと野菜が準備できたら、だしを沸かし、小松菜と白玉だんご以外の材料を入れて６〜７分火を通します。※一番大きいかぼちゃが少しくずれるくらいまで、かぼちゃの大きさによって煮込み時間を変えてください。※煮干のだしの場合は、だしがらの煮干の頭やワタを除いて、具として一緒に入れて食べてもいいくらいだと思います。
たけのこと絹さやの味噌汁のレシピ/作り方：白ごはん.com	たけのこと絹さやは、食感も香りもよくてみそ汁の具にぴったり。「自分で生のたけのこをあく抜きして使う」のが一番香りよく仕上がりますが、「市販のゆでたけのこ」を使う場合も美味しく作るコツがあるので、
はじめに紹介します。市販のパック品は、ゆでたてのたけのこと比べると“香りが少し抜けている”ので、切ってすぐ味噌汁にして食べると、たけのこを噛んだときに味気なさを感じることがあります。なので、市販のパック品のたけのこで味噌汁を作るときは『切ったたけのこをだし汁の中に30分ほど入れ、味を少し吸わせておく』のがおすすめです。
そうすることで、だしの風味がたけのこについてくれ、美味しい味噌汁に仕上がります。逆に家で生のたけのこからあく抜きしたものは風味が強いので、たけのこが温まる程度にさっと温めて作るやり方でOKです。生のたけのこのアクの抜き方も参考にしてください！→“たけのこのあく抜き”レシピページへ
めかぶと新じゃがの味噌汁のレシピ/作り方：白ごはん.com	新じゃがは洗って土を落として、皮ごと6～7㎜幅の半月切りかいちょう切りにします。めかぶは下を参考にひだの部分だけを味噌汁に使います。めかぶには茎とひだ部分があり、味噌汁にはやわらかいひだの部分だけでつるりとした食感を楽しむとより美味しいと思います。まず、買ってきためかぶは洗ってから茎とひだに切り分け、切ったひだは粗く刻んでおきます。※「めかぶの下ごしらえ」ではより詳しくまとめているので参考に！※味噌汁には茎を使わないのでその工程を省いて紹介しますが、めかぶの下ごしらえとしては茎もまとめて行うとよいです。茎はぜひ「めかぶ丼」に使ってください！
ニラのみそ汁のレシピ/作り方：白ごはん.com	用意するのはニラ1束と水出しの煮干しだしです（水500mlに対して、煮干し10ｇを合わせ、数時間おいておけばOKです）。
※煮干しだし以外で作る場合は、だしがらを切ったり炒めたりする工程を省いて作ってみてください※だし汁に関しては「煮干しだしの取り方」も参考に！煮干しとニラ、共に風味が強いので相性がよいと思います。とはいえ、だし汁はお好みのものをお使いくださいね。水出し煮干しだしが用意できたら、頭と中骨、ワタを除いて、煮干しの身だけを取り出します。それを斜めに食べやすく切ります。また、ニラは1〜1.5㎝幅に切っておきます。
冬瓜のかき玉みそ汁のレシピ/作り方：白ごはん.com	冬瓜は種を除き、皮をむいて1㎝幅に切ったものを横に並べ、端から1㎝幅にまた切って、食べやすい大きさの棒状にします。わかめは乾燥品なら水で戻しておき、塩蔵なら塩抜きして食べやすく切っておきます。※だしは煮干だしでも、かつおだしでも、お好みのだしを用意してください。
根深汁（ねぎとあげの味噌汁）のレシピ/作り方：白ごはん.com	ねぎはできれば太めのものを用意して、大きめのひと口大ほどの大きさ（1〜1.5㎝幅）に切ります。また、油あげはねぎと同じくらいの大きさに切ります。※ねぎの緑の部分は1㎝幅ほどに切ると味噌汁の具としては食べにくいので、今回は入れずに作ります。違う味噌汁などの青みとして、細かく切って使ってください。※だしは煮干だしでも、かつおだしでも、お好みのだしを使ってください。
カワハギの味噌汁のレシピ/作り方：白ごはん.com	カワハギは食べやすいように、ひれの部分を調理ハサミで切り落とし、尾びれも包丁で切り落とします。食べやすいように身を半分に切り分けます。また、大根は少し厚めのいちょう切り、油揚げは短冊切り、ねぎは斜め薄切りにしておきます。沸騰した熱湯に水を差して温度を少し下げ、その中にカワハギを入れて、身が白くなったらすぐに引き上げます。ため水の中で表面のぬめりや、おなかの中を掃除して水気を切っておきます。※魚の鮮度がよければ霜降りはせずに、おなかの中の汚れや血合いを洗い流すだけでもOKです。
ズッキーニのみそ汁のレシピ/作り方：白ごはん.com	はじめの紹介文にも書きましたが、ズッキーニの淡白でクセのない味わいは、和の出汁や調味料に合わせやすいと思います。今回はみそ汁の具として、シンプルに油揚げと合わせるレシピを紹介したいと思います。まず、ズッキーニは縦半分に切ってから、1〜1.5㎝幅の半月切りにします。また、油揚げは短冊形に切ります。
つるむらさき（蔓紫）のみそ汁のレシピ/作り方：白ごはん.com	紹介文にも書きましたが、つるむらさきは夏野菜で、ぬめりと香りが楽しめます。つるむらさきの香りには少し青臭さもあるので、特にみそ汁の具にはぴったりだと思います（みそのおかげで香りが穏やかに感じられるため）。まず、茎の根元をそろえて色が変わった部分、乾燥した部分を少し切り落とします。そして、茎も穂先も3～4㎝幅に切ります。太い茎と、葉っぱや穂先では火の通りが違うので、だいたいでよいので「茎」と「葉や穂先」に分けておきます。また、油あげは細めの短冊に切ります。これで下ごしらえの完了です。※だしに関しては煮干だしでも、かつおだし、熱湯をそそぐだけの時短だしでも、お好みのだし汁で。
厚揚げの味噌汁のレシピ/作り方：白ごはん.com	厚揚げは大きめのひと口大に切って、椎茸は軸を切り落として薄切りにします。三つ葉は根元を切り落として１〜２㎝幅に切ります。
新じゃがと根三つ葉の味噌汁のレシピ/作り方：白ごはん.com	根三つ葉は、春の時期だけに出回る、糸三つ葉よりもずっと太くて食感のよい根付きの三つ葉です。
根は切り落とし、４〜５ｃｍ幅に切ります（普通の三つ葉なら根元を切り落として２〜３㎝幅に）。新じゃがも皮つきで４〜５ｃｍ幅の（根三つ葉の茎の太さに合わせるくらいの）、千六本に切っておきます。※根三つ葉については「根三つ葉のおひたしのレシピ」を参考にしてください。※千六本の切り方については「千六本・せん切りの切り方」も参考にしてください。
鰯（いわし）のつみれの味噌汁のレシピ/作り方：白ごはん.com	いわしは手開きにするなどして、皮を取り除き、包丁で身を細かくたたいてつみれにします。
はじめに塩でしっかりと練ってから、少しの卵白とおろし生姜を加えるのですが、詳しい作り方については、
『いわしの手開きのやり方』、『いわしのつみれの作り方』をそれぞれ参考にしてください。※いわしの鮮度があまりよくない場合は、生姜を多めに加えてもよいです（今回はゆで汁を味噌汁にするので）。
かぶ、かぶの葉、豚肉の味噌汁のレシピ/作り方：白ごはん.com	今回は小ぶりなかぶ（１玉100gほど）を使いましたが、かぶの下処理（皮をむく）時に、気をつけたいことが２点あります。①　小ぶりなかぶは特に皮をむく必要がない！
※とろとろに柔らかく仕上げたいときはむいてもいいですが、味噌汁から皮ごとでOKです。
②　かぶの茎を実に残して切る場合は、根元の土を竹串などで落とす必要がある！
※かぶの実に少しの緑色を残したほうが見た目がよくなるのですが、土を残さないように注意が必要です。かぶは茎を１㎝ほど残し、縦６〜８等分に切ります。茎の根元に土が残っていることが多いので、下の写真のように竹串などでかき出すようにして水洗いしてあげます。
かぶの葉は４〜５㎝幅に切り、コクを出すために豚肉や油あげも用意しておきます（今回は豚小間切れを使いました）※だしは煮干だしでも、かつおだしでも、お好みのだしを使ってください。
たけのこの姫皮の味噌汁のレシピ/作り方：白ごはん.com	このレシピではたけのこの穂先の柔らかい姫皮の部分だけを使いました。切り方は繊維を断つようにせん切りにしたり、１〜２㎝幅に切ったり。姫皮は柔らかくて食べやすいので、切り方はお好みでよいと思います。
また、豆腐は1.5cm角くらい、塩蔵わかめは水につけて塩気を抜いて、２〜３㎝幅に切り分けます。
※姫皮がなければゆでたけのこの穂先や根元の部分など、あるものを使ってください。※たけのこをゆでた後に硬い皮をむき取ると、中の身の詰まった穂先部分よりも先のところに、皮だけの柔らかい部分があります。それが“姫皮”です。外の皮から内側の皮に移る部分など、たけのこの皮がどこから食べられるかは「実際に食べてみて確認！」がいちばんです。柔らかくて美味しい部分であれば捨てずにぜひ料理に使ってください！
肉味噌のレシピ（ご飯やレタスに合わせて）：白ごはん.com	用意するメイン具材・調味料は、豚ひき肉、にんにく、味噌です（にんにくはみじん切りにしておきます）。フライパンににんにくのみじん切りとごま油大さじ1を合わせます。フライパンを中火にかけ、油が熱くなってにんにくの香りが出てきたら、ひき肉を加えます。※油はコクのあるごま油がおすすめ。にんにくについては生がなければチューブ1～1.5㎝ほどで代用を。その場合は油だけ加熱して熱くなれば、ひき肉とおろしにんにくを入れてください。
手作りがうまい！イカの塩辛のレシピ/作り方：白ごはん.com	※このレシピではスルメイカの胴とワタを使って塩辛を作っています（げそは食感が硬めに仕上がるので、塩辛以外の料理に使用）。ワタの大きさにもよりますが、濃厚さを出すためにスルメイカの胴2杯分、ワタ3杯分を合わせるのがおすすめです※まず、「イカのさばき方」を参考に、胴とワタを準備します。胴は皮をむきます。胴は開いて残った内臓や汚れをふき取り、わたは墨袋を取り除いておきます（これらもリンク先に詳しくまとめています）。
牛肉のしぐれ煮（佃煮）のレシピ/作り方：白ごはん.com	牛肉のしぐれ煮は、生姜をきかせて醬油ベースの煮汁で甘辛く煮ていきます。牛肉は‟こま切れ”や‟切り落とし”でOKです。脂身が多すぎるものは避け、適度に脂が入っているものを使うとよいです。まず、生姜は皮をむいてせん切りにします。鍋にAの調味料をすべて合わせて箸で軽く混ぜて溶かし、切った生姜を加えます。
手作りが美味しい！鮭フレーク（ふりかけ）のレシピ/作り方：白ごはん.com	塩鮭は甘口の切り身を3切れほど用意します（生鮭の場合は下の工程３を参照）。フライパンで味を整える前に、鮭に火を通す必要があるのですが、ゆでても魚焼きグリルで焼いてもどちらでもOKです。※僕はいつも下のように少なめのお湯で4～5分ゆでる、というやり方で作っています。ゆで上がればバットなどに取り出します。バットに火の通った鮭を移したら、箸と手を使って、皮と骨を丁寧に取り除きます（鮭の身は細かくしすぎないように注意しながら）。※鮭は後工程のフライパンで炒るときにも細かくなるので、この時点では粗めにほぐすようにするとよいです。また、切り身の中の血合い部分（ピンク色ではなくグレーっぽい色合いの箇所）も数日間保存することを考えると、少し臭みが出やすいので取り除くとよいです。
シンプルながらハマる味！ゴーヤの佃煮のレシピ/作り方：白ごはん.com	用意するのはゴーヤ1/2本です（1本で作るときの補足はいちばん下に）。はじめに、ゴーヤはヘタを切り落として縦半分に切り、タネとワタを除きます。それを5～7㎜幅くらいに切ります。※ゴーヤの下処理はこちらのページに詳しくまとめています。ただ、塩と砂糖での苦み取りの工程は佃煮では不要です切ったゴーヤを鍋に移し、Aの調味料類（砂糖大さじ1、醤油大さじ2、みりん大さじ1、水大さじ5）を加えて、さっと箸で混ぜ合わせます。
牛そぼろのレシピ/作り方：白ごはん.com	はじめに、牛ひき肉とAを火にかける前に鍋に合わせます。箸4～5本を手に持ってよく混ぜ合わせます。※味付けに、おろしにんにくとこしょうが少々入っていますが、少量づかいでも、風味がアップするのでぜひ加えてみてください！
自家製が美味しい！イクラの醤油漬けのレシピ/作り方：白ごはん.com	筋子はできるだけ新鮮なものを購入し、買ってきたらその日に醤油漬けにするとよいです。まず、筋子をほぐす前に、醤油漬けの調味料（A）をすべて鍋に合わせて一度沸かし、そのまま冷ましておきます。※醤油はあれば薄口醤油が色がきれいに仕上がります。また酒だけではなくて、みりんを少量加えると味わいが豊かになってくれます（入れすぎはNGですが）。続いて、筋子をほぐすときに使う‟塩入りのぬるま湯”を作ります。温度はお風呂の湯加減（40℃）くらいで、2Lに対して塩大さじ1を溶かし混ぜます。給湯器で温度設定できるなら足りなくなればその都度作ればいいので楽ですが、そうでない場合は水を何度も替えるので2〜3L分をまとめて作っておきましょう。
ふきのとう味噌（ふき味噌）のレシピ/作り方：白ごはん.com	ふきのとう味噌は、ふきのとう、味噌、植物性の油、甘味づけの調味料（みりん＆砂糖）で作ります。刻んだらすぐに炒めたほうがよいので、ふきのとうを切る前に、フライパンか鍋に分量の油を入れ極弱火にかけておきます。※油は植物性の香りの穏やかな油であれば、普通のサラダ油、米油、なたね油、太白ごま油などなんでもOKです。ふきのとうは油と相性がよく、苦味もマイルドになるので、たっぷり使います！次に、Aの調味料（味噌大さじ4、みりん大さじ2、砂糖小さじ1）をボウルに合わせ、味噌だれを作っておきます。※ふきのとうを刻んだあとは手早く炒めて仕上げた方がよいので、味噌だれも作っておくとよいです。
しらす（ちりめんじゃこ）の佃煮のレシピ/作り方：白ごはん.com	しらすは‟釜揚げしらす”などのやわらかいものを用意します（煮崩れしないよう大きめのものがおすすめです）。しらすを鍋に入れ、火にかける前に調味料をすべて加えます。
焼き味噌（焼きみそ）のレシピ/作り方：白ごはん.com	このレシピの焼き味噌で準備するのはピーマン、長ねぎ、生姜、大葉の4つの具材です。ねぎと皮をむいた生姜はみじん切りにします。また、ピーマンはヘタを種を除き、大葉とともに5㎜四方くらいの大きさに切ります。
手作り梅かつおのレシピ/作り方：白ごはん.com	使う材料は梅干し、ねぎ、かつお節、みそ、砂糖です。はじめに、ねぎをみじん切りにします。続いて、梅干しは種を除いて包丁でたたきます（後から混ぜるので、ねぎを切った横でやればOKです）。途中でみそを加え、包丁で広げ、まんべんなくいきわたるように梅肉をたたきながら混ぜ合わせます。※みそが入ることで、梅の酸味や塩角が取れ、ごはんが進む味になってくれます！
絶品卵かけに！黄身の醤油漬けのレシピ/作り方：白ごはん.com	美味しい卵かけご飯をいただくために、白身は使わず、黄身だけを醤油漬けにして白ごはんと合わせます。
用意するものは、卵と卵の黄身がすっぽり入るくらいの小さな器。手で黄身をすくい上げて、白身を取り除き、黄身を器に移します。※卵の白身はチャーハンや汁物の具など他の料理に活用を。「卵白活用レシピ」も徐々に増やしていく予定です。
かつお節の手作りふりかけのレシピ/作り方：白ごはん.com	だしを取ったかつお節は、冷めてから袋にでも入れて冷凍しておきます。ある程度たまったら解凍してふりかけにするわけです。
※材料の“100g”はだしがらかつお節の含んだ水気をしっかりとしぼり切った状態での重さなので注意してください※解凍して水気をしっかりしぼったかつお節を、大きなざるにまんべんなく広げます。風通しがよいところで数時間ほど日にあてて乾燥させます。乾燥してパラパラになったら、今度はフライパンに移して空炒りし、さらに水分を飛ばします。手で握ると粉々になるくらいがベスト！。
※調味料を吸うと大きくなるので、多少大きいのが混ざってもいいですが、できるだけここで細かくしておくことが大切です。
かぶの葉（大根の葉）ふりかけのレシピ/作り方：白ごはん.com	※今回は【かぶ一束分で葉っぱが１８０ｇ】でしたので、調味料もそれに合わせています。手元にあるかぶの葉や大根の葉の量によって、調味料を調整しつつ作ってみてください※かぶの葉は実から切り離してから、ボウルに水をためて全体を振り洗いして汚れを落とします。それから５〜６mm幅にざくざくと刻んでおきます。また生姜はみじん切りに、じゃこは釜揚げのものでも、少し乾燥させたものでも、お好みのものを使ってください。
昆布と椎茸の佃煮のレシピ/作り方：白ごはん.com	昆布の佃煮はだしをとった後のだしがら昆布を使うとよいです。佃煮を作るときはある程度まとめて作ったほうがよいので、だしがら昆布が出るたびに冷凍しておき、たまったてからまとめて佃煮にする、というやり方がよいです。干し椎茸は１５０mlの水を入れて戻しておき、軸を切り落として６〜７㎜幅に切ります。また、昆布を切るのは、冷凍する前でも、解凍してからでもいいですが、大きさは食べやすい２〜３㎝四方に切ります。※冷凍した場合は半解凍くらいで切ると切りやすいです！※干し椎茸の戻し汁は後から使うので捨てずにとっておいてください！
大葉みそ（しそ味噌）のレシピ/作り方：白ごはん.com	メインで使う材料は「みそ」「大葉（青じそ）」「生姜・にんにく」の4つです。生姜とにんにくは皮をむいて、できるだけ細かいみじん切りにします。大葉はせん切りにして（→大葉のせん切りのページへ）、水にさっとさらしてざる上げしておきます（※大葉がほぐれたところで、せん切りの長さが２〜３等分くらいになるように短く切ってもＯＫです。そのままでもどちらでも）。※「みそ」に関しては、甘い白みそでなければどんなみそでもOKです。今回私は米みそと豆みそ（赤みそ）を半量ずつ合わせて作りました。食べやすい米みそに、渋みとうま味が強い豆みそを合わせることで、より複雑で美味しい大葉みそになると思うからです。
ゴーヤの豚みそのレシピ/作り方：白ごはん.com	『ゴーヤ、豚肉、みそ』という炒め物などにもよく登場する組み合わせで、ご飯が進む「豚みそ」を作ります。冷蔵庫にゴーヤがちょっと余った時などにぜひ試してほしい一品です。ゴーヤは縦半分に切ってワタと種を除き、さらに縦に等分に切ってから3〜4㎜幅に刻みます。→ゴーヤの下ごしらえの詳細も参考に！また、豚肉は1㎝弱四方くらいに切ります。ただ、どちらも火を通してみそと合わせるので、ご飯といっしょに食べやすい大きさであれば、多少粗くてもOKです。※豚肉は食感が残るように今回は豚バラ肉を切って使いましたが、好みで豚ひき肉に置き換えてみてください。
ちりめん山椒（山椒ちりめん）のレシピ/作り方：白ごはん.com	・実山椒　…　実山椒は初夏に出回る旬のものを使うと、彩りと風味の良いちりめん山椒が出来上がります（瓶詰は年中出回っているので、塩漬けや味付けのものを使って手軽に作っても）。・ちりめんじゃこ　…　炊く途中に煮崩れる心配のある、柔らかい食感の“しらす”ではなく、もう少し乾燥させた“ちりめんじゃこ”がよいです。※生の実山椒を使う場合は、一度ゆでて水にさらす必要があります。さらす時間で辛味の調整をします（※詳細はこちらのページから）
※塩漬けの実山椒を使う場合は、水にさらして塩抜きしてから使いましょう！
生姜の佃煮のレシピ/作り方：白ごはん.com	生姜の佃煮に使う生姜は、年中スーパーで売っている“ひね生姜”がおすすめです。まず生姜は洗ってから、スプーンなどを使って皮を薄くむきます。続いて生姜を切るのですが、２㎜角くらいのせん切りが食べやすく、生姜の風味も感じる美味しい太さだと思います！※細すぎると食べごたえがないし、太すぎると辛さを感じやすいので、ここはお好みで調整してみてくださいね。
切った生姜は一度さっと水にさらしてから水気を切っておきます。※せん切りのやり方は、「薄切りにしてから並べて切るやり方」がベストだと思います。詳しい切り方も参考にしてみてください→千切りの切り方詳細
黄身のみそ漬けのレシピ/作り方：白ごはん.com	バットやタッパーに１〜２ｃｍほど味噌を敷き詰めてガーゼをかぶせます。
ここに漬け込む個数分の穴（黄身がちょうど収まるくらいの大きさ）を小さい器やすりこ木の先などを使って作り、黄身をやさしく置き入れます。
後はラップをして冷蔵庫で寝かしてあげてください。※写真では赤味噌に少しの白味噌を加えたみそ床でやってみました。家庭で使っている味噌でまず作ってみるとよいと思います。味噌が複数ある場合は組み合わせても深みが出て美味しいです。
甘長ピーマン（唐辛子）の甘辛煮のレシピ/作り方：白ごはん.com	甘長とうがらしはヘタを切り落とし、種ごと１㎝幅に刻みます。
最終的にはくたくたになるので、切り方は神経質にならないでＯＫです。
あさりの佃煮（しぐれ煮）のレシピ/作り方：白ごはん.com	砂抜きして洗ったあさりを鍋に入れ、酒を加えて酒蒸しにします。蓋をした鍋を強めの中火にかけ、沸騰したら火を弱めます。３分ほどたった頃に蓋をはずし、あさりの口が開いたものから順次取り出します。※あさりを取り出したあとの煮汁は、味付けに使うので捨てないでください※※あさりの砂出しについてはこちらのページを参考にしてください。
栗の甘露煮のレシピ/作り方：白ごはん.com	栗は鬼皮をやわらかくするためにしばらく水につけて、それから鬼皮→渋皮の順にむき取ります。
皮のむき方の詳細は『栗の皮のむき方』のページを参考にしてみてください。
新生姜の甘酢漬け（ガリ）のレシピ/作り方：白ごはん.com	新生姜は傷みやすいので、先端や表面が乾いていたり、茶色くなっているものを避け、できるだけ新鮮なものを購入します。まず、切りやすい大きさに折ってからさっと洗い、茶色くなっている皮の部分があればスプーンでこそげとります。続いて、赤い部分を少し残すようにして先端を切り落とします（赤い部分を少し残すのは、淡いきれいなピンク色に染めるためなのですが、食べると少し硬めで、先の部分は乾燥していることも多いので、少し切り落とすくらいでいいと思います）。新生姜の甘酢漬けは軽い食べ口であることが美味しいので包丁やスライサーなどで、繊維にそって、できるだけ薄く切ります。※繊維に沿って縦に切った方が、食感よく、切り口もきれいに仕上がります。
手作りの紅しょうがのレシピ/作り方：白ごはん.com	辛みもマイルドでやわらかく、みずみずしい新生姜を使って『紅しょうが』を作ります。まず、新生姜は皮をむかずに、根元から切り分けて、汚れをさっと洗います。※新生姜ではない普通の生姜（ひね生姜）を使う場合は、皮をむいてから作ってください（新生姜との違いは下の補足参照）。
意外に簡単！手作り福神漬けのレシピ/作り方：白ごはん.com	おうちで簡単に手作りの福神漬けを作るレシピの紹介です。用意する野菜は大根、れんこん、なすの3種です（風味づけの生姜も少々）。よくカレーに添えられている大きさをイメージして、食べやすく切って下漬け→本漬けの手順で作っていきます。まずは大根の切り方から。ポイントとなるのが「歯ごたえを出すために、大根の皮も一緒に皮ごと切って漬ける」ということ。大根は皮をよく洗い、繊維にそって1㎝幅に平たく切ります。それをまな板の上に並べ、縦に4等分に切ります（そうすると1〜1.5㎝四方の棒状になります）。向きを90℃変えて、端から4〜5㎜幅に切っていきます。続いてなすと生姜です。生姜は皮をむいてからみじん切りにするだけですが、なすも必ず皮をむいてから切ります。皮が後々仕上がりの色を悪くするためです。大根と同じような大きさを目安として、同じように縦に棒状になるように切ってから、端から刻んでいきます。切ったものは水にさらします。※なすは塩が入れば柔らかくなるので、大根よりも少し厚めに切るくらいでOKです。また、水にさらす時間は2〜3分くらいで十分です。ボウルに切った大根、生姜を入れ、なすの水気もしっかり切ってから加えます。そこに塩10ｇを加えて全体を混ぜ合わせ「下漬け」をします。そのまま15分待ちます。下漬けをしている間にれんこんを準備します。れんこんだけはゆでてから福神漬けにしないといけないので、下漬けはせずに、別で塩ゆでしておきます。れんこんは皮をむいて大根と同じように縦に棒状に切り、端から4〜5㎜幅に切ります。鍋に湯を沸かしてゆでるのですが、ティースプーン山盛り1杯の塩を加えてから、2分ほどゆでるのが目安です。ゆで上がればざる上げして、そのまま粗熱を取ります。※れんこんはでんぷん質が強く、細かく切りにくい野菜なので、けがをしないよう注意しながら切ってください！
らっきょうの漬け方（甘酢漬け＆塩漬けのレシピ）：白ごはん.com	らっきょうは塩漬け、甘酢漬けの前に、土付きのものを買ってきたら洗って根元と先端を切る作業が必要です。らっきょうの下ごしらえも参考に。下ごしらえしたらっきょうの水気をしっかりと切り、乾いたボウルに入れます。加える塩の分量は70g（塩の計量については材料箇所を参考に）。加えた塩は手や箸で全体にしっかり混ぜ合わせます。※1㎏のらっきょうを下ごしらえすると約750gに。そこに後から水350mlを加えるので計1100gとなります。そこに70gの塩を加えるので、らっきょうの塩漬け全体のおおよその塩分は6％ほどとなります。殺菌した保存瓶に塩をまぶしたらっきょうを入れて、一度沸かして冷ました水350mlを加えます。水を加えてすぐは上のほうのらっきょうが塩水に浸からずに頭を出している状態です。冷暗所（可能なら冷蔵庫で）1～2日間で水が上がってきます。※このときボウルに残った塩もすべて加えたいので、ボウルにも水を入れて注ぎ入れるようにするとよいです。また、らっきょうは香りが強いので密封できるガラスの保存容器がおすすめ。その殺菌方法はページの下にまとめています。水が上がれば種を除いた赤唐辛子を1本入れ、1週間ほどなじませればらっきょうの塩漬けの出来上がりです。このときの保存も必ず冷暗所で（可能なら小分けして冷蔵庫に移すなどすると安心）。※冷蔵庫に入れておけば1年はシャキシャキとした塩漬けがいただけます。※1週間後には下で紹介する甘酢漬けにも展開できるので、そのタイミングですぐに食べない分などは特に冷蔵庫に入るサイズの瓶に替えるようにしましょう。！
新定番まちがいなし！『紅みょうが』のレシピ/作り方：白ごはん.com	赤梅酢を使って作る紅しょうがは色んなシーンで大活躍ですが、生姜をみょうがに変えたらどうなんだろう？と思って作ったのが紅みょうが。紅しょうがとは一味違う、みょうがらしい食感や風味が楽しめるので、とってもおすすめです。作り方を下に紹介します。
みたらし団子のレシピ（作りやすいタレの配合で）：白ごはん.com	おうちでお店のようなみたらし団子を作るには、上新粉と白玉粉を合わせて作るのがおすすめ。うるち米が原料である上新粉をメインに、もち米が原料である白玉粉を少量合わせます。ボウルに上新粉90gと白玉粉30gをはじめに合わせます。さらに、みたらし団子の生地には砂糖（小さじ1.5）も合わせます。その3つを使うことでもっちりとしてほのかに甘いみたらし団子となります。加える水の分量は90～100mlが目安です。入れすぎするとベチャついてしまうので、はじめは水90mlを加えてください。水を加えたら箸で全体を混ぜ合わせ、粉と水をなじませます。それから手で混ぜながらこね合わせ、生地をひとつにまとめます。生地がひとつにきれいにまとまればいいのですが、水分が少ないとまとめようとしてもボロボロと崩れてしまいます。その場合は水を5～10mlずつ加えて混ぜて確認をし、生地がきれいにひとつにまとまるまで調整してください。※水分がちょうどよい加減だと上の写真のように割ったとき、生地が密な状態でボロボロになりません。
手作りわらびもちの作り方/レシピ：白ごはん.com	わらび餅はわらび粉、砂糖、水の3つを合わせて火にかけるだけというシンプルなもの。※市販品には【①本わらび粉100％】【②本わらび粉を数パーセント配合（残りは芋系でん粉）】【③本わらび粉ゼロで芋系でん粉100％】の3種があります。どれでも美味しく作れますが、個人的には買い求めやすさと美味しさのバランスがいいのは②だと思います（3つの違いなどの詳細は下の補足参考に）まず、ボウルにわらび餅粉と砂糖、水を合わせ、泡立て器で混ぜ合わせます。次に、溶け残りの有無を確認する意味も込めて、一度ざるこしして片手鍋に移します。※火にかけると粘りが出るので、片手鍋はできるだけ底に丸みのある混ぜやすいものがよいです。
手作りアイスクリームの簡単レシピ/作り方：白ごはん.com	材料は４つ。牛乳、卵黄、生クリーム、砂糖です。
・ 牛乳は成分無調整のもの、生クリームはホイップクリーム等ではなく生乳のみを原料としたものがおすすめです（乳脂肪の高さはお好みで！）。
・ 卵黄は生食できる、できるだけ新鮮なものを使ってください（卵黄自体を直接加熱しないレシピのため）。※砂糖は家で使っているものでOKですが、上白糖だとコクのある仕上がり、グラニュー糖だと少しすっきりめのアイスに。大さじを使って砂糖を計量する場合、上白糖とグラニュー糖では大さじ1の重さが異なるので注意が必要です！
フルーツポンチのレシピ/作り方：白ごはん.com	フルーツポンチを家で作るなら、【みかん缶詰、バナナ、リンゴ、（あれば）スイカと白玉だんご】といった組み合わせがおすすめです。白玉だんごはフルーツ以外の風味や食感が楽しめるのでぜひ用意して加えてみてください！また、キウイフルーツやパイナップル、ももの缶詰などで置き換えることも可能です。まず、フルーツをカットする前にシロップを作って冷ましておきます。Aの水300mlと砂糖130gを鍋に合わせて火にかけて沸かします。粗熱が取れてから保存容器に入れて冷やしておきましょう。
白玉だんごのレシピ/作り方：白ごはん.com	白玉だんごの水加減は、白玉粉の重さと同量の水（粉100gなら水100ml）が基本になりますが、入れすぎは禁物！水を１/３ほど残してはじめに混ぜ、後から少しずつ調整していきます。まず、白玉粉をボウルに入れて、水を１/３ほど残して加えて混ぜ合わせます。粉と水がなじんできたら、しっかりと力を入れて練り合わせます。そこから残った水を少しずつ加え、
ひと塊になって、ボウルにも手にもくっつかない粘土のような状態になるまで、こねながら水分を調整します。※ここでのだんごの塊は、耳たぶより少し固いくらいで、決して垂れるような柔らかさではいけません。水を全量はじめに入れてしまうと、白玉粉の種類によってはたらたらになってしまうものがあるので要注意です！
黒ごまプリンのレシピ/作り方：白ごはん.com	このレシピはゼラチンをメインに使って固めるのですが、少しのくず粉を加えるとなめらかさと濃厚さがアップします。※くず粉のほうがおすすめですが、ない場合は片栗粉で代用も可能です（比較は下の補足も参考に）。また、市販のゼラチンは事前に水でふやかすタイプ、必要のないタイプがありますが、このレシピでは水でふやかす必要のないタイプでも必ず事前にふやかしておくことが大切です（くず粉でとろみがついたところに投入するため）。粉ゼラチン（計10ｇ）と水大さじ3を合わせ、10分ほど置いてふやかしておきましょう。ゼラチンをふやかしている間に、材料の牛乳550mlのうちの400mlを計量して鍋に加えます。小さな容器にくず粉を入れて、400mlから大さじ2を抜いて、そこに加えます。牛乳とくず粉がまんべんなく溶けるよう、指先を使って粉をよく溶かし混ぜ、火にかける直前に鍋に加えます。
卵と牛乳だけの蒸しプリンのレシピ/作り方：白ごはん.com	白ごはん.comのプリンは「バニラエッセンス・生クリーム・カラメルソースを使わない」ということを前提に作りました。ということで、材料は「卵、牛乳、砂糖」のみです。ただ、コクを出して口当たりをよくするため、卵臭さを感じさせないために『卵黄4個＋全卵1個』という卵の使い方になっています。他の材料に関しては、砂糖は上白糖でもグラニュー糖でも家にあるものでOKです（すっきりした甘みが好みな方はグラニュー糖がおすすめです）。また、蒸すときに使う器は耐熱ガラスや陶器のカップなどを使うとよいと思います。※卵白4個を使った「焼き卵白のたらこ和え」もぜひ参考に！
牛乳プリン（ミルクプリン）のレシピ/作り方：白ごはん.com	このレシピはゼラチンをメインに使って固めるのですが、少しのくず粉を加えるとなめらかさと濃厚さがアップします。※くず粉のほうがおすすめですが、ない場合は片栗粉で代用も可能です（比較は下の補足も参考に）。また、市販のゼラチンは事前に水でふやかすタイプ、必要のないタイプがありますが、このレシピでは水でふやかす必要のないタイプでも必ず事前にふやかしておくことが大切です（くず粉でとろみがついたところに投入するため）。粉ゼラチン（計10ｇ）と水大さじ3を合わせ、10分ほど置いてふやかしておきましょう。※牛乳は成分無調整のものを用意してください。また、くず粉ではなく片栗粉を使う場合の分量は、同じ10ｇ、大さじ1ほどで大丈夫です。ゼラチンをふやかしている間に、材料の牛乳600mlのうちの400mlを計量して鍋に加えます。小さな容器にくず粉を入れて、400mlから大さじ2を抜いて、そこに加えます。牛乳とくず粉がまんべんなく溶けるよう、指先を使って粉をよく溶かし混ぜ、火にかける直前に鍋に加えます。
栗あん（ちょっと硬めの栗ジャム）のレシピ/作り方：白ごはん.com	栗はさっと洗ってから鍋に入れ、かぶるくらいの水を加えて中火にかけます。沸いたら火を弱め、30～40分ほどゆでてから、ざる上げします（小さめなら30分、大きめなら40分が目安）。※「栗のゆで方」では塩水でゆでていますが、栗あんは後から塩も加えるので水だけでゆでてOKです。手でさわれる温度になれば、まな板の上で栗を半分に切ります。切った栗はスプーンできれいに実をかき出し、直接鍋に入れていきます（ゆでた鍋をさっと洗ってそこに入れても）殻付きの栗400gをゆでてから実をかき出すと、栗は正味280～300g弱ほどになるかと思います（栗によって多少前後しますが）。そこに、砂糖80g、塩1～2つまみ、水大さじ5（75ml）を加えます（砂糖の分量は正味の栗の3割ほどが目安となります）。
栗きんとんのレシピ/作り方：白ごはん.com	栗きんとんの主材料は『栗の甘露煮（市販品でOK)、さつまいも、くちなしの実』です。栗の甘露煮は白ごはん.comでも紹介しているので自家製でもいいのですが、ここでは市販品で作ります。また、くちなしの実は入れると黄色がはっきりしたメリハリのある仕上がりに、入れないと淡い色合いに仕上がります。必須ではないので、下の補足の比較の写真も見つつ入れるかどうか決めてみてください。まず、さつまいもは両端を切り落として3㎝幅ほどに切ります。それからさつまいもの皮を厚めにむき取ります（目安は皮の内側にうっすら見える筋の部分までむき取るくらい）。筋が口当たりを悪くするので、後で裏ごしするとはいえ、ここでしっかり除いておくわけです。切ったものは水にさらします。
簡単！鍋で作る蒸しプリンのレシピ/作り方：白ごはん.com	白ごはん.comのプリンはシンプルながらも、コクを出して口当たりをよくするため、卵臭さを感じさせないために『卵黄4個＋全卵1個』という卵の使い方になっています。別ページに卵液のレシピ詳細をのせていますので「蒸しプリンの作り方」の＜工程②＞を参考に準備してください。また、プリンを蒸す鍋は底が平らで蓋ができるものを準備し、後から注ぎ入れるお湯もたっぷり別鍋に沸かしておきましょう（鍋の中で蒸らして火を通すので、蓋付きのものが必須となります）。器に入れる前に泡のかたまりをお玉で除き、器に卵液をそっと注ぎ入れるのですが、容器いっぱいに注がず、すべての卵液の高さを同じくらいにしておくとよいです。※注ぎ入れた後に大きな泡があれば、小さなスプーンなどでつぶしたり、すくったりすると仕上がりがきれいになります。
ごまアイスの簡単レシピ/作り方：白ごはん.com	材料は５つ。牛乳、卵黄、生クリーム、砂糖、白練り胡麻です。
・ 牛乳は成分無調整のもの、生クリームは添加物の入っていない動物性のものがおすすめ（ごまの油分が入るので、脂肪分は低めでもOK）。
・ 卵黄は生食できる、できるだけ新鮮なものを使ってください（卵黄自体を直接加熱しないレシピのため）。
・ 砂糖は上白糖だとコクのあるものに、グラニュー糖だと少しすっきりめのアイスになります。
　※砂糖は大さじ１の重さがそれぞれ異なるので注意が必要です。目安として上白糖なら大さじ11、グラニュー糖なら大さじ8強。
・ 白練り胡麻は、油とごまの固形分が分離していることが多いので、しっかり混ぜてから計量するとよいです。
おうちで手作り！和風パフェのレシピ/作り方：白ごはん.com	白ごはん.comで紹介しているおやつレシピを色々と組み合わせて和風パフェを作ってみます。
もちろん用意できないものは購入するなどして、できるだけいろいろな具材を盛り合わせて楽しんでみてください！
抹茶アイスクリームの簡単レシピ/作り方：白ごはん.com	ベースとなるアイス（牛乳、卵黄、生クリーム、砂糖）に抹茶を合わせて作ります。『手作りアイスの作り方』のページでも詳しく紹介していますが、材料のポイントは以下の４つです。・ 牛乳は成分無調整のもの、生クリームは添加物の入っていない動物性の少し脂肪分が高め（乳脂肪47％くらい）のものがおすすめ。
・ 卵黄は生食できる、できるだけ新鮮なものを使ってください（卵黄自体を直接加熱しないレシピのため）。
・ 砂糖は上白糖だとコクのあるものに、グラニュー糖だと少しすっきりめのアイスになります。
　※砂糖はどちらでも美味しいですが、大さじを使って砂糖を計量する場合は、大さじ１の重さがそれぞれ異なるので注意が必要です！
・ 今回は愛知県西尾産の抹茶を使用しました。また、少し抹茶を濃いめにしたかったので、大さじ１と小さじ１（合計10g）で作りました。
抹茶白玉だんごのレシピ/作り方：白ごはん.com	抹茶の白玉だんごは、基本的に白玉だんごと同じ作り方です。用意するのは「白玉粉と水、それから白玉粉に対して1割程度の抹茶」です（今回白玉粉が50gだったので、5gの抹茶を使いました）。※抹茶は一度には使い切れないと思います。その場合はしっかり封をして冷凍庫に入れておきましょう！（私の場合）1年くらいは余裕で使っています。
白玉ぜんざい（温冷）のレシピ/作り方：白ごはん.com	基本のぜんざいの作り方は、①小豆を２回渋抜きして、３回目にゆでるときにしっかり1時間程度火を通す。②ざる上げして汁を切り、砂糖と分量の水を加えてちょっと炊く、です（ぜんざいの作り方の詳細はこちらも参考に）。ぜんざいを作れば、あとは白玉だんごを作って合わせるだけ。季節によってぜんざいを温かくするのか、冷たくするのかだけです。ひとつ私が季節によって変えていることは『夏だけは白玉だんごを主役にする』ということ。
冬はお餅と同じように白玉を合わせますが、暑い夏は白玉だんごのほうが多いくらいの割合にするとよいと思います。以下も参考にぜひ作ってみてください！
バゲット用意してオーブンでまとめて！ピザトーストのレシピ/作り方：白ごはん.com	冒頭にも書きましたが、薄切り食パンを使うよりも、バゲットなどの食べ応えのあるパンを隙間なく並べて作るのがポイントです。具材たっぷりで、まとめてオーブンで作るため、具材とのバランス、オーブンでの焼け具合を考えても、あっさりした食パンよりバゲットやフランスパンがおすすめ。野菜を切る前、乾いたまな板で食べやすい幅に切っておきましょう！※僕はお気に入りのパン屋さんでバゲットが購入できたときに作ることが多いです。ボリュームがあるので晩ごはんにもぴったりかと思います！具材は材料を参考に好みのものでOKですが、じゃが芋、玉ねぎ、ピーマン、いんげん、なす、きのこ類などは、食べやすい大きさに切って、事前に炒めておきます（フライパンで炒めて火が通れば塩こしょうで下味をつけます）。パンにのっけるだけでよいミニトマト、コーン缶、ハム、ベーコン、マッシュルーム缶、ツナ缶、バジルなどは、その後に切ったり水気を切ったりしておきましょう。※写真ではシーフードミックスやウィンナーを入れていませんが、加える場合は野菜と一緒にフライパンで炒めください。また、ベーコンはオーブンでの加熱で十分なため、事前に炒める必要はありません。
アメリカンドッグのレシピ（小麦粉から生地作り/牛乳不使用）：白ごはん.com	このレシピでは、ホットケーキミックスの粉は使わずに、小麦粉（薄力粉）、ベーキングパウダー、卵、砂糖、塩で生地を作ります。それを太めの魚肉ソーセージに合わせるのがおすすめです。※レシピの生地で太めの魚肉ソーセージ2～3本分が適量。太3本ならちょうど使い切りくらいだけど最後のほうが少しやりづらくもあるので、太2本で作って生地が余ったら生地だけを揚げてもいいかと思います（揚げ方は最後で紹介）。まず、魚肉ソーセージは長さを3等分にして、竹串やつまようじに刺しておきます。また、後からざるでふるって加える小麦粉75gとベーキングパウダー4～5gも容器に計量しておき、揚げ油も弱火にかけるなどしておくと後工程もスムーズです。※揚げ油は、そんなにたくさんは必要なくて、1.5㎝から2㎝高さほどあれば十分です。ボウルに卵を割り入れて、Aの砂糖大さじ2と1/2と塩ひとつまみを加えます。泡だて器で卵を混ぜるのですが、このときできるだけ空気を入れるようにふんわりと混ぜるようにしてください。卵と調味料がしっかり混ざれば、ここに水大さじ2と1/2を加え、計量しておいた小麦粉とベーキングパウダーをふるいながら入れます。あとはゴムヘラを使ってさっくりと全体を底から混ぜ合わせ、粉が混ざったら生地の出来上がりです。
うま味広がる！ごぼうの唐揚げのレシピ/作り方：白ごはん.com	ごぼうはまず、土を洗い落としてから、包丁の背などで皮を軽くこそげます（→「ごぼうの下ごしらえのまとめ」に詳しくまとめていますので、そちらも参考にしてみてください）続いて、ごぼうは4～5㎝長さに切り、さらに縦に2～3等分に切って厚めの短冊型に切ります。※切ってすぐに下味をつけることができるなら、特に水にさらす必要はありません。ボウルに切ったごぼうを入れ、Aの調味料をすべて加えて混ぜ合わせます。少しのにんにくと醤油の下味が唐揚げの風味の良さにつながるので、素揚げではなく、ぜひ下味をつけて揚げてみたください。時おり箸で上下を混ぜながら、5分ほど味をなじませます。５分経ったら、下味をつけたタレを容器に取っておき、ボウルの中は汁気を切ったごぼうだけにします。そこに片栗粉大さじ2ほどを加えて、全体を混ぜ合わせます。※下味をつけたタレは仕上げで少し使うので、少量取っておけばOKです。
醤油＆黒こしょうのチーズ焼きおにぎりのレシピ/作り方：白ごはん.com	醤油と粗びき黒こしょうをきかせ、香ばしくピリリとした中に、チーズがとろける焼きおにぎりのレシピです。まず、写真くらいの少しこぶりなおにぎりを作ります。おにぎりの中央に具としてピザ用チーズを2つまみくらい入れます。チーズも入るので、焼く途中に崩れないよう、しっかりと強く握ることがポイントです。おにぎりが握れたら、焼く前に粗びき黒こしょうを両面にふりかけます。※ひきたての黒こしょうであれば、写真くらいの分量でしっかりスパイシーな仕上がりになります。黒こしょうの分量は好みで調整してみてください。
簡単なこんにゃく田楽のレシピ/作り方：白ごはん.com	板こんにゃくは切らずに先に竹串を刺し、後から食べやすい田楽に切る方法をここでは紹介します。まず、まな板の上に板こんにゃくを置いて、竹串を8～10本ほど端から均一に刺し、続いて串と串の間に包丁を入れて切り分けます（これで約1.5㎝厚に）。※こんにゃくを先に切り分けてから、串を刺してもOKですので、やりやすい方法でやってみてください。切り込みは時間があれば入れるくらいでOKですが、もし入れる場合は、片面（もしくは両面）に斜めに3～4㎜幅に浅い切り込みを入れます。続けて、塩をこんにゃくの両面に薄くふり、5分ほどおいておきます（塩をすることは味をつけ、同時にこんにゃくの臭みを抜くためです）。ここまで準備できたら、先にみそだれを作っておきます。鍋にAの調味料を合わせ、ゴムベラなどで混ぜ合わせてから中火にかけます。沸いてきたら少し火を弱め、ヘラで鍋底を混ぜながら４〜５分ほど火にかけます。ドロッとしたとろみがつけばOKです（温度が冷めたら粘度がアップするので、少し緩めくらいで大丈夫です）。※みそだれの詳細は「和食の万能みそだれの作り方」にまとめているので、ぜひこちらも参考にしてみてください。
レンジを使った簡単とうもろこしの茹で方/レシピ：白ごはん.com	※このレンジでのゆで方は「皮を1枚残して、その内側、外側にも水気を含ませ、それをラップで包んで加熱する」というやり方になります※　→一般的な塩水でゆでる「とうもろこしのゆで方」ページもありますので参考に！まず、とうもろこしの外側の皮をむき取って捨て、実に近い内側1〜2枚だけを残した状態にします。とうもろこしに水を含ませるとき、塩水を使った方が塩気がほんのりきいて美味しいので、Aを合わせて塩水を作っておきます。とうもろこしは残した皮を一度開いて、中のひげをある程度きれいに除いておきましょう。
生落花生のゆで方/食べ方：白ごはん.com	落花生は収穫後に、炒るものは１週間ほど天日干しの作業を行うそうですが、生のものを塩ゆでする場合は‟採れたての鮮度のよいもの”をゆでます。ゴシゴシと洗ってよく泥を落とします。※スーパーで売られているものは比較的きれいに泥を落としたものも多いので、その場合はさっと洗う程度でOKです。あとは殻付きのままゆでるだけですが、落花生は塩をしっかりきかせてゆでることが大切で、ゆでる水に対して３〜４％の塩を加えるとよいです。１Ｌの水でゆでるなら塩大さじ２、1.5Ｌでゆでるなら塩大さじ３ほど。 ※鮮度が大事なので、スーパーで買ってきたら必ず当日中にゆでましょう！
素揚げ銀杏(ぎんなん)のレシピ/作り方：白ごはん.com	銀杏は外の硬い殻だけは割る必要があります（殻をむいた状態でも売られているので省きたい場合は殻なしを買ってくるとよいです）。トンカチとタオルを用意し、殻のとがった部分をたたいて割れ目を作ってそこからむき取ります。→「銀杏の殻のむき方」に詳しくまとめています。
炒り卵マヨのっけパンのレシピ/作り方：白ごはん.com	炒り卵は冷蔵庫で3日ほど日持ちします。ぜひまとめて作ってストックしておいてください。※「炒り卵」のページでは片手鍋とフライパンでの作り方を紹介しています。レシピは卵2個と3個で紹介していますが、4個でも5個分でも、1回でまとめて作ることができます。炒り卵があれば、あと必要なものは好みの食パンとマヨネーズ、こしょうです。食べる分の食パンにのるくらいの炒り卵を器に取り、そこにマヨネーズを加えて全体にからめます。※目分量でOKなレシピですが、目安としての分量は上の材料を参考に。炒り卵全体にマヨネーズがしっかりとからめば、こしょうを振りかけて混ぜ合わせて完成です！パンにたっぷりのせていただきましょう！この炒り卵マヨ、好みできゅうりやレタス、オニオンスライスやハムなどを合わせても美味しいです！
意外に簡単！れんこんチップスのレシピ/作り方：白ごはん.com	れんこんは包丁かスライサーで薄切りにするのですが、皮付きのポテトチップスのように皮ごと薄切りにしてOKです。まずはじめに土を洗い流し、水気はキッチンペーパーなどでふき取ります。それから包丁であれば1～1.5㎜幅くらい（太くても2㎜くらいまで）に薄切りにします。※れんこんの節の大きさによっては、スライサーのサイズが合わないことも。皮をむかない分、ひと手間省けているので、包丁で地道に薄切りにするのもおすすめです。
コロッケサンドのレシピ/作り方：白ごはん.com	コロッケは買ってきたものでも、家で作ったもの（→レシピはこちら）でもいいのですが、冷蔵しておいたものなら特に、しっかり温めることが大切です。お皿にのせてはじめにレンジ600Wで40～50秒加熱して軽く温めてから、トースターでじっくり3～4分かけて加熱すればばっちり温まると思います。※コロッケのサイズや冷え具合にもよるので、上を参考にしっかり温めてください。また、トースター加熱の際はアルミホイルで包むと焦げすに温まります。コロッケを温める間にせん切りキャベツを用意しておきます。キャベツは生の状態をサンドイッチにはさむよりも軽く加熱したものをはさむと〝なじみ”がよくなって美味しくなると思います。フライパンで油少なめでさっと炒めてもいいですし、レンジ600Wで40～50秒くらい加熱でも十分です。塩ひとつまみ、こしょう少々をふって混ぜ合わせておきます。コロッケとキャベツが加熱できれば、トースターで食パンをこんがりと焼きます（焼き加減はお好みで）。焼けたパンには練り辛子とマヨネーズを全体にぬります（パン1枚に対してはマヨネーズ大さじ1/2～1、練り辛子少々）。お皿にウスターソースを出し、コロッケの厚みを半分に切り、その両面にしっかりウスターソースをどっぷりと浸けてパンにのせます。コロッケの上に加熱したキャベツをのせます（ウスターソースが余れば少しスプーンでまわしかけます）。かぶせる食パンにも同じように練り辛子とマヨネーズを広げ、それからサンドします。手で上からギュッと押さえてなじませ、半分に切って完成です。
ほっこり香ばしい！焼き枝豆のレシピ/作り方：白ごはん.com	まず生のさや付きの枝豆を用意します。焼く前に塩水に浸けておくのですが、ゆでるよりも塩がまわりにくいので、枝豆の両端を切り落とします。次に枝豆をゴシゴシとため水の中でもみ洗いして、表面の産毛を軽く洗い流します。ボウルに洗った枝豆を入れ、Aの水と塩を混ぜた塩水をそそぎ、30分〜1時間ほど浸けて塩味をなじませます。
1枚分を作る簡単お好み焼きのレシピ：白ごはん.com	このレシピは豚肉なしで1枚分をささっと作る簡単レシピです。キャベツ、卵、小麦粉が必須で、紅しょうがとだしがらはあれば入れるくらいでOKです。※だしがらなしのシンプルレシピと、だしがら入りのレシピでは、若干小麦粉の量を変えたほうがよいので注意してください。※紅しょうがはなくても作れますが、用意できればぜひ入れて作ってみてください。風味がよくなるのでおすすめです。キャベツは5～6㎜幅に切ってから、90度向きを変えて同じように切ります。紅しょうががあれば方向を変えたタイミングで上にのせ、いっしょに粗く刻むとよいです。切ったキャベツと紅しょうが、卵1個と水大さじ3をボウルに入れます。だしがらなしのシンプルなものなら、小麦粉大さじ3と1/2を加えます。だしがらがあればだしがらと小麦粉大さじ2と1/2を加えますすべて加えたら、スプーンなどで全体をしっかりと混ぜ合わせれば準備完了です。
